user_id,date_time,amount,description,category
1,2026-01-01 09:00:00,161.44,Uber,transport
1,2026-01-01 19:00:00,645.12,Auto,transport
1,2026-01-02 22:00:00,355.96,Cafe,food
1,2026-01-02 12:00:00,60.59,Movie,entertainment
1,2026-01-02 13:00:00,471.51,Flipkart,shopping
1,2026-01-02 17:00:00,361.19,Auto,transport
1,2026-01-02 22:00:00,779.16,Uber,transport
1,2026-01-03 13:00:00,577.14,Uber,transport
1,2026-01-03 21:00:00,370.01,Cafe,food
1,2026-01-03 20:00:00,718.52,Flipkart,shopping
1,2026-01-03 20:00:00,709.51,Uber,transport
1,2026-01-03 15:00:00,937.37,Netflix,entertainment
1,2026-01-04 20:00:00,524.36,Auto,transport
1,2026-01-05 23:00:00,310.35,Netflix,entertainment
1,2026-01-05 16:00:00,172.76,Flipkart,shopping
1,2026-01-06 13:00:00,112.4,Zomato,food
1,2026-01-07 23:00:00,507.7,Zomato,food
1,2026-01-07 15:00:00,826.3,Uber,transport
1,2026-01-07 20:00:00,124.01,Movie,entertainment
1,2026-01-08 17:00:00,789.19,Netflix,entertainment
1,2026-01-08 23:00:00,513.89,Netflix,entertainment
1,2026-01-08 10:00:00,617.28,Uber,transport
1,2026-01-08 10:00:00,696.27,Flipkart,shopping
1,2026-01-08 12:00:00,567.79,Amazon,shopping
1,2026-01-09 18:00:00,217.59,Amazon,shopping
1,2026-01-09 12:00:00,367.38,Auto,transport
1,2026-01-10 13:00:00,176.68,Uber,transport
1,2026-01-10 22:00:00,94.13,Movie,entertainment
1,2026-01-11 23:00:00,630.75,Zomato,food
1,2026-01-11 12:00:00,213.81,Movie,entertainment
1,2026-01-11 11:00:00,828.06,Auto,transport
1,2026-01-11 09:00:00,875.75,Netflix,entertainment
1,2026-01-11 19:00:00,413.75,Movie,entertainment
1,2026-01-12 23:00:00,134.61,Uber,transport
1,2026-01-12 17:00:00,634.83,Swiggy,food
1,2026-01-12 19:00:00,312.54,Uber,transport
1,2026-01-13 22:00:00,447.29,Netflix,entertainment
1,2026-01-13 18:00:00,579.23,Flipkart,shopping
1,2026-01-13 19:00:00,236.54,Movie,entertainment
1,2026-01-13 09:00:00,765.78,Amazon,shopping
1,2026-01-13 23:00:00,298.13,Netflix,entertainment
1,2026-01-14 16:00:00,400.67,Netflix,entertainment
1,2026-01-14 20:00:00,907.35,Amazon,shopping
1,2026-01-14 17:00:00,996.21,Netflix,entertainment
1,2026-01-14 18:00:00,322.41,Amazon,shopping
1,2026-01-14 22:00:00,158.29,Cafe,food
1,2026-01-15 14:00:00,142.11,Uber,transport
1,2026-01-15 22:00:00,786.39,Cafe,food
1,2026-01-15 19:00:00,329.44,Netflix,entertainment
1,2026-01-15 18:00:00,605.47,Uber,transport
1,2026-01-15 13:00:00,309.23,Cafe,food
1,2026-01-16 17:00:00,223.19,Amazon,shopping
1,2026-01-16 12:00:00,298.13,Amazon,shopping
1,2026-01-16 14:00:00,131.46,Amazon,shopping
1,2026-01-17 22:00:00,994.03,Swiggy,food
1,2026-01-17 12:00:00,565.7,Netflix,entertainment
1,2026-01-18 14:00:00,95.68,Cafe,food
1,2026-01-18 13:00:00,842.45,Amazon,shopping
1,2026-01-18 12:00:00,222.19,Auto,transport
1,2026-01-18 14:00:00,279.82,Flipkart,shopping
1,2026-01-18 20:00:00,595.48,Amazon,shopping
1,2026-01-19 20:00:00,308.64,Flipkart,shopping
1,2026-01-19 17:00:00,309.89,Auto,transport
1,2026-01-19 11:00:00,907.95,Movie,entertainment
1,2026-01-19 20:00:00,587.74,Auto,transport
1,2026-01-20 13:00:00,588.42,Amazon,shopping
1,2026-01-20 22:00:00,323.68,Cafe,food
1,2026-01-20 11:00:00,737.67,Auto,transport
1,2026-01-20 15:00:00,145.21,Zomato,food
1,2026-01-21 21:00:00,999.83,Netflix,entertainment
1,2026-01-22 14:00:00,135.94,Flipkart,shopping
1,2026-01-22 12:00:00,678.61,Netflix,entertainment
1,2026-01-23 16:00:00,336.96,Amazon,shopping
1,2026-01-23 23:00:00,815.17,Uber,transport
1,2026-01-23 22:00:00,374.11,Uber,transport
1,2026-01-23 13:00:00,234.76,Cafe,food
1,2026-01-24 17:00:00,696.46,Auto,transport
1,2026-01-24 23:00:00,143.38,Movie,entertainment
1,2026-01-24 22:00:00,802.28,Swiggy,food
1,2026-01-24 11:00:00,826.23,Movie,entertainment
1,2026-01-25 10:00:00,881.12,Netflix,entertainment
1,2026-01-25 22:00:00,614.47,Uber,transport
1,2026-01-25 22:00:00,954.42,Uber,transport
1,2026-01-25 11:00:00,832.22,Movie,entertainment
1,2026-01-26 23:00:00,64.08,Flipkart,shopping
1,2026-01-26 21:00:00,211.48,Amazon,shopping
1,2026-01-26 16:00:00,945.64,Flipkart,shopping
1,2026-01-27 19:00:00,837.86,Netflix,entertainment
1,2026-01-27 23:00:00,871.02,Movie,entertainment
1,2026-01-27 16:00:00,505.86,Uber,transport
1,2026-01-27 23:00:00,485.29,Flipkart,shopping
1,2026-01-28 20:00:00,201.59,Uber,transport
1,2026-01-28 18:00:00,741.86,Movie,entertainment
1,2026-01-28 22:00:00,234.4,Movie,entertainment
1,2026-01-28 11:00:00,517.56,Swiggy,food
1,2026-01-29 14:00:00,405.56,Uber,transport
1,2026-01-29 19:00:00,347.74,Uber,transport
1,2026-01-29 16:00:00,228.8,Uber,transport
1,2026-01-29 14:00:00,457.72,Flipkart,shopping
1,2026-01-29 10:00:00,482.45,Auto,transport
1,2026-01-30 19:00:00,970.32,Netflix,entertainment
1,2026-01-30 15:00:00,656.81,Netflix,entertainment
1,2026-01-31 15:00:00,160.89,Amazon,shopping
1,2026-01-31 11:00:00,109.24,Netflix,entertainment
1,2026-01-31 10:00:00,816.4,Amazon,shopping
1,2026-01-31 12:00:00,953.88,Amazon,shopping
1,2026-02-01 21:00:00,342.15,Cafe,food
1,2026-02-01 00:00:00,582.65,Zomato,food
1,2026-02-02 22:00:00,821.08,Movie,entertainment
1,2026-02-03 19:00:00,308.2,Swiggy,food
1,2026-02-03 22:00:00,375.25,Zomato,food
1,2026-02-03 12:00:00,757.91,Amazon,shopping
1,2026-02-03 21:00:00,959.82,Amazon,shopping
1,2026-02-03 17:00:00,229.68,Flipkart,shopping
1,2026-02-04 21:00:00,746.83,Auto,transport
1,2026-02-04 08:00:00,632.31,Netflix,entertainment
1,2026-02-04 09:00:00,173.79,Movie,entertainment
1,2026-02-04 19:00:00,600.37,Zomato,food
1,2026-02-05 19:00:00,562.78,Amazon,shopping
1,2026-02-06 13:00:00,117.77,Flipkart,shopping
1,2026-02-06 23:00:00,382.17,Zomato,food
1,2026-02-06 19:00:00,650.09,Amazon,shopping
1,2026-02-06 11:00:00,761.7,Netflix,entertainment
1,2026-02-06 14:00:00,560.41,Uber,transport
1,2026-02-07 22:00:00,663.31,Swiggy,food
1,2026-02-07 17:00:00,303.03,Uber,transport
1,2026-02-07 13:00:00,642.51,Uber,transport
1,2026-02-08 21:00:00,109.85,Flipkart,shopping
1,2026-02-08 17:00:00,548.34,Amazon,shopping
1,2026-02-08 09:00:00,119.81,Amazon,shopping
1,2026-02-08 00:00:00,174.43,Swiggy,food
1,2026-02-09 00:00:00,741.5,Zomato,food
1,2026-02-09 22:00:00,598.6,Netflix,entertainment
1,2026-02-09 19:00:00,87.0,Flipkart,shopping
1,2026-02-09 13:00:00,248.22,Auto,transport
1,2026-02-10 13:00:00,792.75,Flipkart,shopping
1,2026-02-10 10:00:00,816.37,Netflix,entertainment
1,2026-02-10 17:00:00,673.72,Netflix,entertainment
1,2026-02-10 11:00:00,168.82,Swiggy,food
1,2026-02-10 14:00:00,709.92,Netflix,entertainment
1,2026-02-11 10:00:00,816.56,Uber,transport
1,2026-02-12 23:00:00,392.98,Swiggy,food
1,2026-02-12 09:00:00,315.39,Auto,transport
1,2026-02-12 18:00:00,811.4,Flipkart,shopping
1,2026-02-13 17:00:00,534.32,Uber,transport
1,2026-02-13 20:00:00,101.07,Flipkart,shopping
1,2026-02-14 17:00:00,400.24,Amazon,shopping
1,2026-02-14 13:00:00,443.45,Netflix,entertainment
1,2026-02-15 21:00:00,537.99,Netflix,entertainment
1,2026-02-15 10:00:00,676.99,Movie,entertainment
1,2026-02-16 23:00:00,615.16,Auto,transport
1,2026-02-16 17:00:00,561.6,Auto,transport
1,2026-02-16 14:00:00,801.84,Movie,entertainment
1,2026-02-16 21:00:00,184.44,Zomato,food
1,2026-02-16 23:00:00,239.06,Cafe,food
1,2026-02-17 08:00:00,639.6,Swiggy,food
1,2026-02-17 10:00:00,302.47,Auto,transport
1,2026-02-17 11:00:00,630.39,Amazon,shopping
1,2026-02-17 12:00:00,899.59,Amazon,shopping
1,2026-02-18 23:00:00,331.56,Auto,transport
1,2026-02-18 17:00:00,482.3,Netflix,entertainment
1,2026-02-18 15:00:00,173.14,Amazon,shopping
1,2026-02-18 18:00:00,596.26,Uber,transport
1,2026-02-18 22:00:00,222.54,Zomato,food
1,2026-02-19 14:00:00,703.6,Auto,transport
1,2026-02-20 15:00:00,556.61,Amazon,shopping
1,2026-02-20 20:00:00,654.62,Movie,entertainment
1,2026-02-20 08:00:00,416.83,Movie,entertainment
1,2026-02-20 23:00:00,145.48,Flipkart,shopping
1,2026-02-20 09:00:00,284.95,Amazon,shopping
1,2026-02-21 16:00:00,942.92,Movie,entertainment
1,2026-02-22 20:00:00,537.19,Amazon,shopping
1,2026-02-22 21:00:00,681.2,Netflix,entertainment
1,2026-02-23 10:00:00,977.3,Auto,transport
1,2026-02-23 09:00:00,631.24,Auto,transport
1,2026-02-23 00:00:00,767.05,Cafe,food
1,2026-02-23 22:00:00,881.16,Amazon,shopping
1,2026-02-23 12:00:00,186.79,Uber,transport
1,2026-02-24 09:00:00,711.52,Amazon,shopping
1,2026-02-24 09:00:00,559.87,Movie,entertainment
1,2026-02-24 16:00:00,476.47,Uber,transport
1,2026-02-24 17:00:00,195.47,Amazon,shopping
1,2026-02-25 08:00:00,711.98,Swiggy,food
1,2026-02-25 23:00:00,481.55,Swiggy,food
1,2026-02-25 22:00:00,774.08,Flipkart,shopping
1,2026-02-26 09:00:00,247.18,Swiggy,food
1,2026-02-26 14:00:00,206.11,Movie,entertainment
1,2026-02-27 22:00:00,550.4,Cafe,food
1,2026-02-27 19:00:00,953.56,Flipkart,shopping
1,2026-02-27 16:00:00,85.34,Zomato,food
1,2026-02-27 14:00:00,592.02,Swiggy,food
1,2026-02-27 18:00:00,477.39,Flipkart,shopping
1,2026-02-28 17:00:00,152.23,Zomato,food
1,2026-02-28 09:00:00,656.68,Swiggy,food
1,2026-02-28 12:00:00,842.45,Auto,transport
1,2026-03-01 00:00:00,480.28,Swiggy,food
1,2026-03-01 23:00:00,581.93,Cafe,food
1,2026-03-01 19:00:00,296.43,Auto,transport
1,2026-03-01 15:00:00,216.36,Netflix,entertainment
1,2026-03-02 10:00:00,615.36,Movie,entertainment
1,2026-03-02 23:00:00,446.9,Swiggy,food
1,2026-03-03 08:00:00,843.66,Auto,transport
1,2026-03-03 16:00:00,280.43,Flipkart,shopping
1,2026-03-03 22:00:00,774.31,Netflix,entertainment
1,2026-03-03 11:00:00,833.09,Auto,transport
1,2026-03-03 08:00:00,604.0,Movie,entertainment
1,2026-03-04 17:00:00,530.37,Amazon,shopping
1,2026-03-04 12:00:00,570.16,Swiggy,food
1,2026-03-05 17:00:00,500.81,Amazon,shopping
1,2026-03-06 19:00:00,780.42,Uber,transport
1,2026-03-07 23:00:00,937.39,Zomato,food
1,2026-03-07 17:00:00,776.1,Auto,transport
1,2026-03-07 21:00:00,360.32,Movie,entertainment
1,2026-03-07 00:00:00,180.09,Swiggy,food
1,2026-03-08 22:00:00,969.41,Swiggy,food
1,2026-03-08 14:00:00,235.15,Uber,transport
1,2026-03-09 21:00:00,263.89,Cafe,food
1,2026-03-09 18:00:00,590.39,Uber,transport
1,2026-03-09 22:00:00,167.0,Amazon,shopping
1,2026-03-09 15:00:00,133.69,Auto,transport
1,2026-03-09 23:00:00,822.6,Uber,transport
1,2026-03-10 16:00:00,149.28,Uber,transport
1,2026-03-10 11:00:00,718.62,Cafe,food
1,2026-03-10 00:00:00,822.29,Zomato,food
1,2026-03-11 22:00:00,847.58,Auto,transport
1,2026-03-11 16:00:00,835.19,Cafe,food
1,2026-03-11 18:00:00,639.29,Netflix,entertainment
1,2026-03-11 17:00:00,497.73,Netflix,entertainment
1,2026-03-11 20:00:00,972.14,Cafe,food
1,2026-03-12 12:00:00,400.91,Flipkart,shopping
1,2026-03-13 08:00:00,788.0,Auto,transport
1,2026-03-13 23:00:00,145.54,Cafe,food
1,2026-03-13 19:00:00,684.15,Auto,transport
1,2026-03-13 22:00:00,581.76,Cafe,food
1,2026-03-13 23:00:00,156.19,Cafe,food
1,2026-03-14 20:00:00,619.85,Uber,transport
1,2026-03-15 10:00:00,309.94,Amazon,shopping
1,2026-03-16 18:00:00,399.79,Auto,transport
1,2026-03-16 09:00:00,691.65,Auto,transport
1,2026-03-16 18:00:00,96.21,Amazon,shopping
1,2026-03-17 23:00:00,856.27,Cafe,food
1,2026-03-18 00:00:00,265.1,Cafe,food
1,2026-03-18 08:00:00,232.51,Amazon,shopping
1,2026-03-18 17:00:00,67.47,Flipkart,shopping
1,2026-03-18 19:00:00,576.75,Cafe,food
1,2026-03-18 18:00:00,342.77,Movie,entertainment
1,2026-03-19 11:00:00,410.49,Movie,entertainment
1,2026-03-20 21:00:00,433.12,Movie,entertainment
1,2026-03-20 09:00:00,201.22,Flipkart,shopping
1,2026-03-20 11:00:00,597.31,Auto,transport
1,2026-03-20 10:00:00,884.25,Zomato,food
1,2026-03-21 18:00:00,806.28,Swiggy,food
1,2026-03-22 14:00:00,647.79,Auto,transport
1,2026-03-22 21:00:00,494.63,Flipkart,shopping
1,2026-03-22 11:00:00,143.35,Auto,transport
1,2026-03-23 13:00:00,705.37,Swiggy,food
1,2026-03-24 15:00:00,849.41,Movie,entertainment
1,2026-03-24 13:00:00,392.31,Amazon,shopping
1,2026-03-24 16:00:00,52.33,Movie,entertainment
1,2026-03-24 22:00:00,762.7,Swiggy,food
1,2026-03-24 19:00:00,465.93,Cafe,food
1,2026-03-25 23:00:00,474.58,Uber,transport
1,2026-03-26 22:00:00,491.0,Cafe,food
1,2026-03-26 10:00:00,675.59,Cafe,food
1,2026-03-27 10:00:00,111.7,Flipkart,shopping
1,2026-03-27 10:00:00,168.61,Movie,entertainment
1,2026-03-27 16:00:00,779.62,Uber,transport
1,2026-03-28 10:00:00,438.38,Flipkart,shopping
1,2026-03-28 10:00:00,521.01,Flipkart,shopping
1,2026-03-28 18:00:00,747.25,Auto,transport
1,2026-03-29 00:00:00,536.26,Zomato,food
1,2026-03-29 23:00:00,322.59,Swiggy,food
1,2026-03-29 12:00:00,488.63,Auto,transport
1,2026-03-29 13:00:00,744.02,Uber,transport
1,2026-03-30 09:00:00,158.61,Amazon,shopping
1,2026-03-31 00:00:00,927.26,Swiggy,food
1,2026-03-31 19:00:00,737.54,Amazon,shopping
1,2026-03-31 23:00:00,667.1,Zomato,food
1,2026-03-31 23:00:00,330.14,Cafe,food
1,2026-04-01 17:00:00,241.89,Uber,transport
1,2026-04-02 12:00:00,475.95,Uber,transport
1,2026-04-03 15:00:00,325.69,Movie,entertainment
1,2026-04-03 17:00:00,959.45,Netflix,entertainment
1,2026-04-03 14:00:00,118.54,Zomato,food
1,2026-04-04 20:00:00,412.51,Flipkart,shopping
1,2026-04-04 18:00:00,905.36,Flipkart,shopping
1,2026-04-04 20:00:00,408.01,Netflix,entertainment
1,2026-04-04 08:00:00,412.62,Swiggy,food
1,2026-04-04 12:00:00,380.25,Swiggy,food
1,2026-04-05 14:00:00,386.5,Flipkart,shopping
1,2026-04-05 16:00:00,749.02,Uber,transport
1,2026-04-05 21:00:00,169.98,Movie,entertainment
1,2026-04-06 13:00:00,594.85,Netflix,entertainment
1,2026-04-06 14:00:00,190.09,Swiggy,food
1,2026-04-06 08:00:00,84.54,Swiggy,food
1,2026-04-06 16:00:00,390.46,Movie,entertainment
1,2026-04-06 20:00:00,262.77,Netflix,entertainment
1,2026-04-07 08:00:00,110.92,Amazon,shopping
1,2026-04-07 14:00:00,950.69,Uber,transport
1,2026-04-07 18:00:00,715.88,Zomato,food
1,2026-04-07 12:00:00,703.1,Uber,transport
1,2026-04-08 17:00:00,933.36,Flipkart,shopping
1,2026-04-08 16:00:00,304.36,Uber,transport
1,2026-04-08 08:00:00,767.96,Auto,transport
1,2026-04-09 21:00:00,973.07,Netflix,entertainment
1,2026-04-09 14:00:00,528.38,Cafe,food
1,2026-04-09 14:00:00,665.15,Auto,transport
1,2026-04-10 21:00:00,153.66,Auto,transport
1,2026-04-10 09:00:00,685.8,Cafe,food
1,2026-04-10 21:00:00,145.51,Movie,entertainment
1,2026-04-10 21:00:00,324.99,Flipkart,shopping
1,2026-04-11 20:00:00,799.89,Auto,transport
1,2026-04-12 11:00:00,909.78,Uber,transport
1,2026-04-12 22:00:00,688.06,Amazon,shopping
1,2026-04-13 22:00:00,841.53,Zomato,food
1,2026-04-13 20:00:00,793.33,Cafe,food
1,2026-04-14 14:00:00,377.68,Amazon,shopping
1,2026-04-14 10:00:00,871.76,Uber,transport
1,2026-04-15 20:00:00,973.32,Uber,transport
1,2026-04-15 08:00:00,878.95,Amazon,shopping
1,2026-04-15 18:00:00,875.92,Movie,entertainment
1,2026-04-16 23:00:00,306.72,Amazon,shopping
1,2026-04-16 10:00:00,191.42,Amazon,shopping
1,2026-04-16 11:00:00,397.68,Netflix,entertainment
1,2026-04-16 19:00:00,469.93,Cafe,food
1,2026-04-17 19:00:00,409.4,Netflix,entertainment
1,2026-04-18 22:00:00,299.62,Zomato,food
1,2026-04-19 18:00:00,398.47,Uber,transport
1,2026-04-19 21:00:00,770.46,Netflix,entertainment
1,2026-04-19 13:00:00,434.99,Cafe,food
1,2026-04-19 14:00:00,445.31,Flipkart,shopping
1,2026-04-19 21:00:00,444.93,Amazon,shopping
1,2026-04-20 11:00:00,837.0,Auto,transport
1,2026-04-20 21:00:00,325.55,Cafe,food
1,2026-04-20 17:00:00,957.59,Netflix,entertainment
1,2026-04-20 10:00:00,83.66,Zomato,food
1,2026-04-21 19:00:00,888.82,Amazon,shopping
1,2026-04-21 18:00:00,379.81,Movie,entertainment
1,2026-04-22 22:00:00,388.01,Swiggy,food
1,2026-04-22 00:00:00,781.32,Zomato,food
1,2026-04-22 21:00:00,182.07,Amazon,shopping
1,2026-04-22 21:00:00,954.83,Uber,transport
1,2026-04-23 11:00:00,864.72,Zomato,food
1,2026-04-23 09:00:00,724.48,Netflix,entertainment
1,2026-04-23 22:00:00,800.8,Cafe,food
1,2026-04-23 00:00:00,313.7,Cafe,food
1,2026-04-24 00:00:00,270.58,Swiggy,food
1,2026-04-24 23:00:00,490.32,Movie,entertainment
1,2026-04-25 17:00:00,699.35,Auto,transport
1,2026-04-25 21:00:00,71.71,Auto,transport
1,2026-04-25 19:00:00,902.81,Uber,transport
1,2026-04-25 23:00:00,498.47,Zomato,food
1,2026-04-26 00:00:00,111.66,Swiggy,food
1,2026-04-26 10:00:00,227.12,Uber,transport
1,2026-04-27 16:00:00,597.49,Netflix,entertainment
1,2026-04-27 15:00:00,503.56,Movie,entertainment
1,2026-04-27 12:00:00,473.86,Flipkart,shopping
1,2026-04-27 15:00:00,806.27,Flipkart,shopping
1,2026-04-27 23:00:00,545.28,Swiggy,food
1,2026-04-28 14:00:00,405.23,Swiggy,food
1,2026-04-29 17:00:00,84.68,Netflix,entertainment
1,2026-04-29 18:00:00,552.5,Uber,transport
1,2026-04-29 10:00:00,463.83,Cafe,food
1,2026-04-29 21:00:00,974.62,Movie,entertainment
1,2026-04-30 17:00:00,633.63,Auto,transport
1,2026-04-30 14:00:00,199.57,Netflix,entertainment
2,2026-01-01 18:00:00,964.26,Auto,transport
2,2026-01-01 11:00:00,993.44,Amazon,shopping
2,2026-01-01 23:00:00,491.63,Zomato,food
2,2026-01-02 16:00:00,461.27,Movie,entertainment
2,2026-01-03 19:00:00,992.87,Netflix,entertainment
2,2026-01-04 22:00:00,592.61,Swiggy,food
2,2026-01-04 23:00:00,288.97,Zomato,food
2,2026-01-04 21:00:00,926.42,Movie,entertainment
2,2026-01-05 21:00:00,359.63,Amazon,shopping
2,2026-01-05 23:00:00,55.86,Swiggy,food
2,2026-01-05 11:00:00,174.37,Uber,transport
2,2026-01-05 08:00:00,693.5,Netflix,entertainment
2,2026-01-06 15:00:00,866.96,Movie,entertainment
2,2026-01-06 09:00:00,689.92,Cafe,food
2,2026-01-07 23:00:00,376.15,Zomato,food
2,2026-01-08 08:00:00,942.42,Flipkart,shopping
2,2026-01-08 00:00:00,495.35,Zomato,food
2,2026-01-08 09:00:00,485.41,Auto,transport
2,2026-01-08 10:00:00,208.6,Amazon,shopping
2,2026-01-09 11:00:00,225.4,Amazon,shopping
2,2026-01-10 15:00:00,857.45,Amazon,shopping
2,2026-01-10 22:00:00,391.93,Zomato,food
2,2026-01-10 00:00:00,312.44,Swiggy,food
2,2026-01-10 18:00:00,300.63,Auto,transport
2,2026-01-10 23:00:00,162.27,Flipkart,shopping
2,2026-01-11 22:00:00,86.03,Swiggy,food
2,2026-01-11 23:00:00,172.79,Amazon,shopping
2,2026-01-11 12:00:00,593.82,Cafe,food
2,2026-01-12 22:00:00,189.77,Zomato,food
2,2026-01-12 08:00:00,58.88,Amazon,shopping
2,2026-01-12 18:00:00,954.55,Movie,entertainment
2,2026-01-12 21:00:00,780.78,Amazon,shopping
2,2026-01-13 13:00:00,786.93,Movie,entertainment
2,2026-01-14 12:00:00,539.8,Auto,transport
2,2026-01-14 14:00:00,100.93,Uber,transport
2,2026-01-14 12:00:00,854.36,Movie,entertainment
2,2026-01-15 22:00:00,948.22,Cafe,food
2,2026-01-15 22:00:00,812.0,Swiggy,food
2,2026-01-16 14:00:00,895.35,Flipkart,shopping
2,2026-01-16 13:00:00,777.16,Flipkart,shopping
2,2026-01-16 23:00:00,389.56,Zomato,food
2,2026-01-17 23:00:00,832.57,Flipkart,shopping
2,2026-01-17 23:00:00,772.78,Flipkart,shopping
2,2026-01-18 14:00:00,893.17,Zomato,food
2,2026-01-18 23:00:00,812.61,Flipkart,shopping
2,2026-01-18 23:00:00,52.22,Cafe,food
2,2026-01-18 12:00:00,594.82,Flipkart,shopping
2,2026-01-19 12:00:00,159.17,Amazon,shopping
2,2026-01-20 22:00:00,315.74,Zomato,food
2,2026-01-20 09:00:00,330.77,Netflix,entertainment
2,2026-01-21 09:00:00,981.43,Flipkart,shopping
2,2026-01-21 21:00:00,139.07,Movie,entertainment
2,2026-01-21 12:00:00,360.59,Movie,entertainment
2,2026-01-22 18:00:00,730.71,Flipkart,shopping
2,2026-01-22 00:00:00,722.21,Zomato,food
2,2026-01-23 17:00:00,235.73,Auto,transport
2,2026-01-23 10:00:00,876.44,Movie,entertainment
2,2026-01-23 10:00:00,724.03,Movie,entertainment
2,2026-01-24 13:00:00,234.26,Flipkart,shopping
2,2026-01-24 11:00:00,757.93,Flipkart,shopping
2,2026-01-24 10:00:00,822.16,Netflix,entertainment
2,2026-01-24 13:00:00,588.06,Uber,transport
2,2026-01-25 20:00:00,966.01,Amazon,shopping
2,2026-01-25 23:00:00,399.59,Cafe,food
2,2026-01-25 20:00:00,689.51,Uber,transport
2,2026-01-26 15:00:00,865.02,Uber,transport
2,2026-01-27 15:00:00,290.19,Netflix,entertainment
2,2026-01-28 22:00:00,545.72,Flipkart,shopping
2,2026-01-29 23:00:00,167.2,Amazon,shopping
2,2026-01-29 13:00:00,391.09,Flipkart,shopping
2,2026-01-30 08:00:00,585.4,Cafe,food
2,2026-01-30 17:00:00,66.16,Netflix,entertainment
2,2026-01-30 23:00:00,381.37,Amazon,shopping
2,2026-01-31 22:00:00,647.0,Zomato,food
2,2026-02-01 08:00:00,496.23,Auto,transport
2,2026-02-01 14:00:00,366.41,Movie,entertainment
2,2026-02-01 14:00:00,610.41,Cafe,food
2,2026-02-01 12:00:00,440.89,Cafe,food
2,2026-02-01 18:00:00,261.73,Cafe,food
2,2026-02-02 15:00:00,509.34,Auto,transport
2,2026-02-02 00:00:00,321.68,Cafe,food
2,2026-02-02 11:00:00,68.44,Netflix,entertainment
2,2026-02-03 10:00:00,624.77,Flipkart,shopping
2,2026-02-03 09:00:00,786.84,Uber,transport
2,2026-02-03 08:00:00,361.12,Cafe,food
2,2026-02-03 09:00:00,393.08,Zomato,food
2,2026-02-03 12:00:00,657.25,Flipkart,shopping
2,2026-02-04 19:00:00,808.1,Cafe,food
2,2026-02-04 09:00:00,347.09,Uber,transport
2,2026-02-04 10:00:00,228.74,Flipkart,shopping
2,2026-02-05 09:00:00,744.21,Auto,transport
2,2026-02-05 22:00:00,308.86,Swiggy,food
2,2026-02-05 18:00:00,901.28,Netflix,entertainment
2,2026-02-05 10:00:00,886.15,Uber,transport
2,2026-02-06 14:00:00,101.35,Movie,entertainment
2,2026-02-06 11:00:00,411.13,Uber,transport
2,2026-02-06 18:00:00,857.02,Netflix,entertainment
2,2026-02-06 13:00:00,545.0,Uber,transport
2,2026-02-06 20:00:00,322.12,Movie,entertainment
2,2026-02-07 19:00:00,342.61,Auto,transport
2,2026-02-07 19:00:00,438.79,Swiggy,food
2,2026-02-07 13:00:00,393.66,Amazon,shopping
2,2026-02-07 15:00:00,563.32,Flipkart,shopping
2,2026-02-07 22:00:00,723.0,Movie,entertainment
2,2026-02-08 09:00:00,709.37,Auto,transport
2,2026-02-08 15:00:00,344.85,Uber,transport
2,2026-02-08 11:00:00,76.15,Amazon,shopping
2,2026-02-08 16:00:00,814.99,Zomato,food
2,2026-02-09 22:00:00,206.57,Cafe,food
2,2026-02-09 14:00:00,78.14,Cafe,food
2,2026-02-10 12:00:00,591.68,Netflix,entertainment
2,2026-02-10 18:00:00,303.07,Netflix,entertainment
2,2026-02-10 17:00:00,838.22,Movie,entertainment
2,2026-02-11 18:00:00,688.4,Auto,transport
2,2026-02-11 13:00:00,237.53,Zomato,food
2,2026-02-12 15:00:00,426.64,Uber,transport
2,2026-02-12 13:00:00,538.39,Swiggy,food
2,2026-02-12 21:00:00,143.66,Movie,entertainment
2,2026-02-12 15:00:00,832.73,Netflix,entertainment
2,2026-02-13 16:00:00,213.2,Auto,transport
2,2026-02-14 00:00:00,661.92,Zomato,food
2,2026-02-14 15:00:00,380.56,Uber,transport
2,2026-02-14 00:00:00,647.4,Zomato,food
2,2026-02-14 14:00:00,312.51,Flipkart,shopping
2,2026-02-15 15:00:00,482.01,Amazon,shopping
2,2026-02-15 21:00:00,160.75,Movie,entertainment
2,2026-02-15 13:00:00,575.91,Movie,entertainment
2,2026-02-16 12:00:00,533.32,Netflix,entertainment
2,2026-02-16 08:00:00,134.04,Amazon,shopping
2,2026-02-16 10:00:00,990.24,Auto,transport
2,2026-02-16 13:00:00,303.07,Flipkart,shopping
2,2026-02-16 23:00:00,748.46,Auto,transport
2,2026-02-17 16:00:00,131.72,Auto,transport
2,2026-02-18 21:00:00,466.89,Flipkart,shopping
2,2026-02-18 18:00:00,233.86,Swiggy,food
2,2026-02-18 15:00:00,689.03,Movie,entertainment
2,2026-02-19 22:00:00,908.49,Auto,transport
2,2026-02-20 17:00:00,266.22,Auto,transport
2,2026-02-20 15:00:00,715.26,Movie,entertainment
2,2026-02-20 19:00:00,316.76,Uber,transport
2,2026-02-20 19:00:00,395.82,Flipkart,shopping
2,2026-02-21 18:00:00,561.74,Movie,entertainment
2,2026-02-21 08:00:00,710.17,Amazon,shopping
2,2026-02-21 23:00:00,830.01,Zomato,food
2,2026-02-21 15:00:00,454.77,Auto,transport
2,2026-02-21 22:00:00,337.01,Auto,transport
2,2026-02-22 16:00:00,189.27,Netflix,entertainment
2,2026-02-22 15:00:00,421.23,Cafe,food
2,2026-02-22 09:00:00,666.65,Amazon,shopping
2,2026-02-22 09:00:00,407.39,Auto,transport
2,2026-02-23 09:00:00,95.1,Movie,entertainment
2,2026-02-24 10:00:00,839.54,Auto,transport
2,2026-02-25 18:00:00,368.41,Swiggy,food
2,2026-02-25 08:00:00,989.55,Netflix,entertainment
2,2026-02-25 12:00:00,472.26,Flipkart,shopping
2,2026-02-25 23:00:00,823.44,Uber,transport
2,2026-02-26 12:00:00,445.6,Cafe,food
2,2026-02-26 22:00:00,175.35,Swiggy,food
2,2026-02-26 09:00:00,946.54,Cafe,food
2,2026-02-27 21:00:00,928.89,Auto,transport
2,2026-02-27 09:00:00,581.22,Auto,transport
2,2026-02-27 20:00:00,154.8,Flipkart,shopping
2,2026-02-27 15:00:00,372.38,Flipkart,shopping
2,2026-02-28 12:00:00,604.39,Netflix,entertainment
2,2026-02-28 22:00:00,275.12,Movie,entertainment
2,2026-03-01 16:00:00,973.57,Zomato,food
2,2026-03-01 20:00:00,701.96,Uber,transport
2,2026-03-01 15:00:00,644.67,Uber,transport
2,2026-03-01 10:00:00,145.02,Netflix,entertainment
2,2026-03-02 08:00:00,206.82,Auto,transport
2,2026-03-02 10:00:00,889.68,Amazon,shopping
2,2026-03-03 11:00:00,597.93,Movie,entertainment
2,2026-03-03 15:00:00,413.26,Zomato,food
2,2026-03-03 09:00:00,95.89,Movie,entertainment
2,2026-03-04 23:00:00,817.21,Zomato,food
2,2026-03-04 20:00:00,617.37,Netflix,entertainment
2,2026-03-05 16:00:00,227.03,Movie,entertainment
2,2026-03-05 16:00:00,939.9,Flipkart,shopping
2,2026-03-05 18:00:00,513.91,Auto,transport
2,2026-03-05 18:00:00,218.67,Amazon,shopping
2,2026-03-06 23:00:00,350.21,Flipkart,shopping
2,2026-03-06 22:00:00,602.33,Swiggy,food
2,2026-03-06 09:00:00,175.67,Uber,transport
2,2026-03-07 17:00:00,619.75,Cafe,food
2,2026-03-07 22:00:00,287.71,Zomato,food
2,2026-03-07 14:00:00,971.13,Auto,transport
2,2026-03-08 08:00:00,427.61,Swiggy,food
2,2026-03-08 22:00:00,541.01,Cafe,food
2,2026-03-08 16:00:00,629.57,Flipkart,shopping
2,2026-03-09 16:00:00,528.34,Auto,transport
2,2026-03-09 22:00:00,751.32,Movie,entertainment
2,2026-03-09 23:00:00,671.32,Cafe,food
2,2026-03-09 20:00:00,388.55,Movie,entertainment
2,2026-03-10 12:00:00,979.04,Zomato,food
2,2026-03-11 14:00:00,697.05,Netflix,entertainment
2,2026-03-11 20:00:00,563.79,Netflix,entertainment
2,2026-03-11 11:00:00,55.45,Netflix,entertainment
2,2026-03-11 22:00:00,866.46,Amazon,shopping
2,2026-03-11 15:00:00,966.95,Flipkart,shopping
2,2026-03-12 00:00:00,811.81,Swiggy,food
2,2026-03-12 19:00:00,551.12,Movie,entertainment
2,2026-03-13 11:00:00,910.37,Movie,entertainment
2,2026-03-14 22:00:00,446.81,Netflix,entertainment
2,2026-03-14 22:00:00,627.52,Uber,transport
2,2026-03-14 23:00:00,411.12,Cafe,food
2,2026-03-14 12:00:00,77.09,Cafe,food
2,2026-03-15 16:00:00,937.16,Movie,entertainment
2,2026-03-15 11:00:00,984.59,Amazon,shopping
2,2026-03-15 00:00:00,800.4,Cafe,food
2,2026-03-15 23:00:00,697.24,Uber,transport
2,2026-03-16 22:00:00,243.87,Zomato,food
2,2026-03-16 22:00:00,222.67,Swiggy,food
2,2026-03-16 16:00:00,353.09,Netflix,entertainment
2,2026-03-16 15:00:00,276.07,Uber,transport
2,2026-03-17 23:00:00,704.84,Swiggy,food
2,2026-03-18 09:00:00,494.45,Movie,entertainment
2,2026-03-18 14:00:00,951.38,Flipkart,shopping
2,2026-03-18 23:00:00,755.64,Auto,transport
2,2026-03-18 10:00:00,914.17,Amazon,shopping
2,2026-03-19 19:00:00,712.03,Amazon,shopping
2,2026-03-19 21:00:00,54.28,Movie,entertainment
2,2026-03-19 21:00:00,381.86,Movie,entertainment
2,2026-03-19 21:00:00,887.62,Flipkart,shopping
2,2026-03-19 22:00:00,640.83,Swiggy,food
2,2026-03-20 16:00:00,579.32,Auto,transport
2,2026-03-20 19:00:00,591.19,Zomato,food
2,2026-03-20 16:00:00,589.94,Flipkart,shopping
2,2026-03-20 19:00:00,324.53,Swiggy,food
2,2026-03-21 21:00:00,336.43,Flipkart,shopping
2,2026-03-21 22:00:00,154.13,Cafe,food
2,2026-03-21 14:00:00,210.57,Cafe,food
2,2026-03-21 08:00:00,392.12,Amazon,shopping
2,2026-03-22 18:00:00,483.95,Uber,transport
2,2026-03-22 13:00:00,312.47,Movie,entertainment
2,2026-03-22 18:00:00,989.46,Zomato,food
2,2026-03-22 13:00:00,130.51,Netflix,entertainment
2,2026-03-23 19:00:00,345.31,Uber,transport
2,2026-03-23 18:00:00,702.88,Auto,transport
2,2026-03-23 19:00:00,438.55,Movie,entertainment
2,2026-03-23 09:00:00,619.52,Auto,transport
2,2026-03-23 19:00:00,199.85,Swiggy,food
2,2026-03-24 23:00:00,438.51,Zomato,food
2,2026-03-24 22:00:00,953.3,Flipkart,shopping
2,2026-03-25 13:00:00,560.75,Movie,entertainment
2,2026-03-25 18:00:00,86.75,Flipkart,shopping
2,2026-03-25 11:00:00,602.82,Movie,entertainment
2,2026-03-25 14:00:00,324.32,Uber,transport
2,2026-03-25 11:00:00,869.44,Amazon,shopping
2,2026-03-26 20:00:00,755.7,Movie,entertainment
2,2026-03-26 16:00:00,914.43,Netflix,entertainment
2,2026-03-26 09:00:00,410.43,Amazon,shopping
2,2026-03-26 23:00:00,427.03,Cafe,food
2,2026-03-27 00:00:00,749.1,Cafe,food
2,2026-03-28 23:00:00,669.2,Flipkart,shopping
2,2026-03-28 13:00:00,890.61,Uber,transport
2,2026-03-28 20:00:00,141.89,Swiggy,food
2,2026-03-28 23:00:00,204.91,Netflix,entertainment
2,2026-03-29 08:00:00,604.14,Auto,transport
2,2026-03-30 15:00:00,610.52,Auto,transport
2,2026-03-31 15:00:00,225.64,Amazon,shopping
2,2026-03-31 09:00:00,233.64,Auto,transport
2,2026-03-31 14:00:00,935.03,Auto,transport
2,2026-03-31 08:00:00,894.3,Netflix,entertainment
2,2026-04-01 11:00:00,896.54,Netflix,entertainment
2,2026-04-01 10:00:00,751.58,Netflix,entertainment
2,2026-04-01 15:00:00,924.42,Zomato,food
2,2026-04-01 21:00:00,210.31,Movie,entertainment
2,2026-04-01 16:00:00,166.55,Zomato,food
2,2026-04-02 19:00:00,667.2,Swiggy,food
2,2026-04-03 23:00:00,97.74,Swiggy,food
2,2026-04-03 08:00:00,319.49,Auto,transport
2,2026-04-03 11:00:00,58.49,Amazon,shopping
2,2026-04-03 20:00:00,866.01,Netflix,entertainment
2,2026-04-03 21:00:00,712.98,Netflix,entertainment
2,2026-04-04 17:00:00,203.15,Movie,entertainment
2,2026-04-04 11:00:00,967.96,Swiggy,food
2,2026-04-05 11:00:00,63.72,Uber,transport
2,2026-04-05 11:00:00,571.8,Netflix,entertainment
2,2026-04-05 21:00:00,74.2,Amazon,shopping
2,2026-04-06 23:00:00,937.15,Uber,transport
2,2026-04-06 20:00:00,836.58,Netflix,entertainment
2,2026-04-06 17:00:00,336.48,Uber,transport
2,2026-04-07 16:00:00,816.13,Amazon,shopping
2,2026-04-08 17:00:00,424.31,Amazon,shopping
2,2026-04-08 18:00:00,600.45,Uber,transport
2,2026-04-08 22:00:00,691.97,Cafe,food
2,2026-04-09 16:00:00,586.13,Cafe,food
2,2026-04-10 11:00:00,977.64,Uber,transport
2,2026-04-10 00:00:00,457.9,Zomato,food
2,2026-04-10 14:00:00,506.65,Netflix,entertainment
2,2026-04-10 14:00:00,546.46,Netflix,entertainment
2,2026-04-10 09:00:00,90.61,Auto,transport
2,2026-04-11 16:00:00,124.3,Flipkart,shopping
2,2026-04-12 22:00:00,515.65,Uber,transport
2,2026-04-12 21:00:00,674.59,Netflix,entertainment
2,2026-04-12 14:00:00,666.78,Flipkart,shopping
2,2026-04-13 12:00:00,751.43,Amazon,shopping
2,2026-04-13 20:00:00,159.07,Netflix,entertainment
2,2026-04-13 10:00:00,994.07,Netflix,entertainment
2,2026-04-13 18:00:00,935.49,Movie,entertainment
2,2026-04-13 16:00:00,915.09,Flipkart,shopping
2,2026-04-14 22:00:00,757.46,Uber,transport
2,2026-04-14 08:00:00,409.83,Uber,transport
2,2026-04-14 15:00:00,476.87,Flipkart,shopping
2,2026-04-14 23:00:00,816.19,Amazon,shopping
2,2026-04-14 22:00:00,57.95,Zomato,food
2,2026-04-15 09:00:00,788.43,Netflix,entertainment
2,2026-04-15 09:00:00,755.39,Movie,entertainment
2,2026-04-15 12:00:00,789.37,Amazon,shopping
2,2026-04-15 12:00:00,693.02,Zomato,food
2,2026-04-15 19:00:00,975.45,Cafe,food
2,2026-04-16 22:00:00,86.22,Swiggy,food
2,2026-04-16 16:00:00,163.75,Amazon,shopping
2,2026-04-17 14:00:00,415.55,Amazon,shopping
2,2026-04-17 15:00:00,518.75,Auto,transport
2,2026-04-18 12:00:00,989.3,Flipkart,shopping
2,2026-04-18 14:00:00,551.57,Cafe,food
2,2026-04-19 18:00:00,321.82,Uber,transport
2,2026-04-19 17:00:00,764.72,Swiggy,food
2,2026-04-20 22:00:00,77.73,Movie,entertainment
2,2026-04-20 12:00:00,474.9,Uber,transport
2,2026-04-21 16:00:00,330.27,Uber,transport
2,2026-04-21 08:00:00,909.15,Zomato,food
2,2026-04-22 20:00:00,913.25,Movie,entertainment
2,2026-04-22 20:00:00,468.0,Flipkart,shopping
2,2026-04-23 16:00:00,528.52,Uber,transport
2,2026-04-23 14:00:00,289.95,Auto,transport
2,2026-04-23 13:00:00,860.45,Uber,transport
2,2026-04-24 18:00:00,800.87,Amazon,shopping
2,2026-04-24 22:00:00,403.84,Netflix,entertainment
2,2026-04-24 21:00:00,673.51,Auto,transport
2,2026-04-24 17:00:00,99.35,Swiggy,food
2,2026-04-25 09:00:00,181.74,Netflix,entertainment
2,2026-04-26 11:00:00,373.16,Cafe,food
2,2026-04-27 11:00:00,98.23,Cafe,food
2,2026-04-27 23:00:00,799.4,Amazon,shopping
2,2026-04-27 10:00:00,615.04,Flipkart,shopping
2,2026-04-27 17:00:00,106.12,Flipkart,shopping
2,2026-04-27 13:00:00,221.02,Amazon,shopping
2,2026-04-28 09:00:00,72.98,Cafe,food
2,2026-04-28 21:00:00,889.88,Flipkart,shopping
2,2026-04-28 20:00:00,619.23,Auto,transport
2,2026-04-28 15:00:00,372.26,Cafe,food
2,2026-04-29 17:00:00,146.11,Flipkart,shopping
2,2026-04-29 13:00:00,429.93,Uber,transport
2,2026-04-29 19:00:00,366.44,Uber,transport
2,2026-04-29 23:00:00,676.18,Zomato,food
2,2026-04-30 10:00:00,258.34,Amazon,shopping
2,2026-04-30 08:00:00,602.62,Flipkart,shopping
2,2026-04-30 09:00:00,727.71,Netflix,entertainment
2,2026-04-30 19:00:00,127.88,Flipkart,shopping
3,2026-01-01 19:00:00,296.03,Movie,entertainment
3,2026-01-01 19:00:00,740.75,Movie,entertainment
3,2026-01-02 12:00:00,132.06,Auto,transport
3,2026-01-03 21:00:00,812.08,Amazon,shopping
3,2026-01-04 16:00:00,410.96,Flipkart,shopping
3,2026-01-04 23:00:00,365.07,Cafe,food
3,2026-01-05 22:00:00,176.9,Zomato,food
3,2026-01-05 12:00:00,860.95,Uber,transport
3,2026-01-05 00:00:00,578.1,Cafe,food
3,2026-01-05 13:00:00,870.58,Auto,transport
3,2026-01-06 09:00:00,400.69,Movie,entertainment
3,2026-01-06 08:00:00,692.49,Cafe,food
3,2026-01-06 20:00:00,385.98,Netflix,entertainment
3,2026-01-06 23:00:00,281.55,Zomato,food
3,2026-01-07 22:00:00,718.62,Flipkart,shopping
3,2026-01-07 22:00:00,474.64,Swiggy,food
3,2026-01-07 18:00:00,810.21,Netflix,entertainment
3,2026-01-08 12:00:00,456.28,Flipkart,shopping
3,2026-01-08 12:00:00,919.92,Auto,transport
3,2026-01-08 15:00:00,270.69,Auto,transport
3,2026-01-09 09:00:00,503.51,Auto,transport
3,2026-01-10 18:00:00,938.06,Swiggy,food
3,2026-01-10 22:00:00,570.97,Cafe,food
3,2026-01-11 13:00:00,572.43,Netflix,entertainment
3,2026-01-12 22:00:00,997.5,Zomato,food
3,2026-01-12 08:00:00,507.95,Movie,entertainment
3,2026-01-13 15:00:00,695.16,Swiggy,food
3,2026-01-13 15:00:00,892.4,Netflix,entertainment
3,2026-01-13 11:00:00,644.76,Flipkart,shopping
3,2026-01-13 21:00:00,707.96,Amazon,shopping
3,2026-01-14 21:00:00,162.63,Netflix,entertainment
3,2026-01-15 10:00:00,426.17,Swiggy,food
3,2026-01-16 09:00:00,605.85,Amazon,shopping
3,2026-01-17 13:00:00,959.89,Uber,transport
3,2026-01-17 17:00:00,886.32,Auto,transport
3,2026-01-17 00:00:00,918.47,Zomato,food
3,2026-01-17 14:00:00,720.64,Movie,entertainment
3,2026-01-18 11:00:00,75.8,Uber,transport
3,2026-01-19 16:00:00,697.1,Netflix,entertainment
3,2026-01-19 11:00:00,832.91,Zomato,food
3,2026-01-19 13:00:00,277.58,Swiggy,food
3,2026-01-19 11:00:00,750.24,Netflix,entertainment
3,2026-01-20 13:00:00,860.04,Netflix,entertainment
3,2026-01-21 14:00:00,489.87,Netflix,entertainment
3,2026-01-21 11:00:00,205.25,Uber,transport
3,2026-01-22 13:00:00,509.03,Auto,transport
3,2026-01-23 19:00:00,547.65,Amazon,shopping
3,2026-01-23 19:00:00,562.79,Flipkart,shopping
3,2026-01-23 08:00:00,901.32,Uber,transport
3,2026-01-23 15:00:00,117.89,Movie,entertainment
3,2026-01-23 19:00:00,740.84,Auto,transport
3,2026-01-24 23:00:00,95.19,Amazon,shopping
3,2026-01-24 12:00:00,435.47,Movie,entertainment
3,2026-01-24 15:00:00,56.89,Uber,transport
3,2026-01-25 18:00:00,824.27,Uber,transport
3,2026-01-25 23:00:00,803.37,Swiggy,food
3,2026-01-25 14:00:00,156.87,Uber,transport
3,2026-01-26 08:00:00,415.84,Amazon,shopping
3,2026-01-26 21:00:00,730.48,Netflix,entertainment
3,2026-01-26 23:00:00,393.84,Zomato,food
3,2026-01-27 22:00:00,161.78,Flipkart,shopping
3,2026-01-28 14:00:00,994.72,Movie,entertainment
3,2026-01-28 22:00:00,253.93,Auto,transport
3,2026-01-28 17:00:00,608.95,Flipkart,shopping
3,2026-01-28 21:00:00,237.81,Uber,transport
3,2026-01-28 23:00:00,108.99,Netflix,entertainment
3,2026-01-29 21:00:00,213.97,Auto,transport
3,2026-01-29 17:00:00,819.37,Auto,transport
3,2026-01-29 17:00:00,589.74,Auto,transport
3,2026-01-29 09:00:00,673.63,Swiggy,food
3,2026-01-29 19:00:00,733.35,Flipkart,shopping
3,2026-01-30 10:00:00,212.47,Amazon,shopping
3,2026-01-30 09:00:00,444.3,Auto,transport
3,2026-01-31 22:00:00,650.06,Swiggy,food
3,2026-01-31 17:00:00,829.21,Netflix,entertainment
3,2026-02-01 15:00:00,61.06,Flipkart,shopping
3,2026-02-01 16:00:00,52.92,Movie,entertainment
3,2026-02-01 09:00:00,764.12,Auto,transport
3,2026-02-01 10:00:00,529.98,Netflix,entertainment
3,2026-02-01 18:00:00,885.14,Flipkart,shopping
3,2026-02-02 13:00:00,220.77,Movie,entertainment
3,2026-02-02 13:00:00,170.86,Netflix,entertainment
3,2026-02-03 21:00:00,264.18,Netflix,entertainment
3,2026-02-03 17:00:00,618.77,Flipkart,shopping
3,2026-02-03 21:00:00,878.36,Netflix,entertainment
3,2026-02-04 19:00:00,99.01,Flipkart,shopping
3,2026-02-04 19:00:00,451.14,Flipkart,shopping
3,2026-02-04 19:00:00,932.45,Zomato,food
3,2026-02-04 12:00:00,873.47,Zomato,food
3,2026-02-04 22:00:00,644.7,Zomato,food
3,2026-02-05 23:00:00,961.58,Netflix,entertainment
3,2026-02-06 23:00:00,680.47,Flipkart,shopping
3,2026-02-06 22:00:00,164.38,Flipkart,shopping
3,2026-02-07 19:00:00,736.14,Movie,entertainment
3,2026-02-07 23:00:00,866.59,Swiggy,food
3,2026-02-07 22:00:00,450.16,Zomato,food
3,2026-02-07 21:00:00,862.54,Zomato,food
3,2026-02-07 17:00:00,148.69,Auto,transport
3,2026-02-08 18:00:00,695.87,Flipkart,shopping
3,2026-02-08 22:00:00,503.55,Swiggy,food
3,2026-02-09 18:00:00,439.85,Uber,transport
3,2026-02-09 16:00:00,281.12,Cafe,food
3,2026-02-09 17:00:00,821.73,Uber,transport
3,2026-02-09 23:00:00,625.05,Swiggy,food
3,2026-02-10 21:00:00,206.46,Amazon,shopping
3,2026-02-11 08:00:00,465.48,Movie,entertainment
3,2026-02-12 21:00:00,753.93,Netflix,entertainment
3,2026-02-12 20:00:00,139.09,Zomato,food
3,2026-02-12 18:00:00,290.87,Netflix,entertainment
3,2026-02-13 17:00:00,726.7,Swiggy,food
3,2026-02-13 22:00:00,978.33,Movie,entertainment
3,2026-02-13 18:00:00,831.68,Auto,transport
3,2026-02-13 00:00:00,495.99,Swiggy,food
3,2026-02-14 11:00:00,491.27,Flipkart,shopping
3,2026-02-14 18:00:00,487.56,Uber,transport
3,2026-02-14 13:00:00,668.01,Swiggy,food
3,2026-02-14 13:00:00,877.42,Uber,transport
3,2026-02-14 14:00:00,652.64,Swiggy,food
3,2026-02-15 13:00:00,914.16,Netflix,entertainment
3,2026-02-16 20:00:00,853.88,Auto,transport
3,2026-02-16 09:00:00,640.1,Uber,transport
3,2026-02-16 18:00:00,707.82,Amazon,shopping
3,2026-02-17 17:00:00,396.76,Swiggy,food
3,2026-02-17 08:00:00,198.11,Flipkart,shopping
3,2026-02-18 23:00:00,699.62,Movie,entertainment
3,2026-02-18 21:00:00,880.65,Movie,entertainment
3,2026-02-19 23:00:00,721.99,Swiggy,food
3,2026-02-20 15:00:00,796.92,Cafe,food
3,2026-02-20 11:00:00,657.71,Netflix,entertainment
3,2026-02-20 10:00:00,411.59,Zomato,food
3,2026-02-20 23:00:00,736.63,Zomato,food
3,2026-02-21 17:00:00,954.14,Netflix,entertainment
3,2026-02-21 16:00:00,237.88,Amazon,shopping
3,2026-02-21 15:00:00,330.17,Flipkart,shopping
3,2026-02-21 21:00:00,998.82,Uber,transport
3,2026-02-22 08:00:00,288.71,Zomato,food
3,2026-02-22 16:00:00,626.23,Flipkart,shopping
3,2026-02-22 14:00:00,835.34,Auto,transport
3,2026-02-23 23:00:00,217.04,Auto,transport
3,2026-02-23 13:00:00,213.23,Amazon,shopping
3,2026-02-23 20:00:00,121.08,Netflix,entertainment
3,2026-02-24 18:00:00,169.45,Netflix,entertainment
3,2026-02-24 16:00:00,109.51,Zomato,food
3,2026-02-24 09:00:00,65.92,Uber,transport
3,2026-02-24 21:00:00,806.89,Movie,entertainment
3,2026-02-25 16:00:00,565.28,Amazon,shopping
3,2026-02-26 23:00:00,901.93,Amazon,shopping
3,2026-02-26 16:00:00,868.51,Amazon,shopping
3,2026-02-26 12:00:00,973.94,Flipkart,shopping
3,2026-02-26 08:00:00,602.89,Amazon,shopping
3,2026-02-27 13:00:00,532.16,Flipkart,shopping
3,2026-02-27 13:00:00,769.43,Movie,entertainment
3,2026-02-28 16:00:00,344.53,Auto,transport
3,2026-02-28 16:00:00,412.89,Movie,entertainment
3,2026-02-28 09:00:00,461.58,Netflix,entertainment
3,2026-02-28 16:00:00,884.6,Movie,entertainment
3,2026-02-28 23:00:00,499.6,Netflix,entertainment
3,2026-03-01 12:00:00,310.61,Swiggy,food
3,2026-03-02 10:00:00,386.93,Auto,transport
3,2026-03-02 09:00:00,822.5,Movie,entertainment
3,2026-03-03 11:00:00,733.35,Flipkart,shopping
3,2026-03-03 14:00:00,204.41,Amazon,shopping
3,2026-03-03 10:00:00,692.29,Zomato,food
3,2026-03-03 12:00:00,756.13,Amazon,shopping
3,2026-03-03 18:00:00,459.92,Movie,entertainment
3,2026-03-04 17:00:00,525.35,Flipkart,shopping
3,2026-03-04 10:00:00,252.87,Movie,entertainment
3,2026-03-04 13:00:00,710.45,Flipkart,shopping
3,2026-03-04 20:00:00,478.04,Uber,transport
3,2026-03-05 10:00:00,185.4,Netflix,entertainment
3,2026-03-05 11:00:00,342.8,Flipkart,shopping
3,2026-03-06 10:00:00,427.67,Amazon,shopping
3,2026-03-06 08:00:00,941.33,Netflix,entertainment
3,2026-03-06 14:00:00,888.29,Swiggy,food
3,2026-03-07 00:00:00,119.31,Swiggy,food
3,2026-03-07 22:00:00,861.92,Amazon,shopping
3,2026-03-08 23:00:00,353.59,Netflix,entertainment
3,2026-03-08 22:00:00,999.69,Cafe,food
3,2026-03-08 21:00:00,516.99,Cafe,food
3,2026-03-08 17:00:00,776.83,Netflix,entertainment
3,2026-03-09 10:00:00,555.74,Movie,entertainment
3,2026-03-09 23:00:00,334.67,Swiggy,food
3,2026-03-10 19:00:00,526.81,Zomato,food
3,2026-03-10 23:00:00,118.68,Zomato,food
3,2026-03-10 14:00:00,182.78,Netflix,entertainment
3,2026-03-10 13:00:00,362.89,Flipkart,shopping
3,2026-03-11 14:00:00,320.77,Movie,entertainment
3,2026-03-11 10:00:00,801.94,Flipkart,shopping
3,2026-03-11 00:00:00,420.72,Zomato,food
3,2026-03-11 13:00:00,877.83,Netflix,entertainment
3,2026-03-11 15:00:00,743.86,Auto,transport
3,2026-03-12 18:00:00,510.34,Flipkart,shopping
3,2026-03-12 23:00:00,880.11,Swiggy,food
3,2026-03-12 00:00:00,160.25,Swiggy,food
3,2026-03-12 10:00:00,785.65,Auto,transport
3,2026-03-13 12:00:00,465.09,Auto,transport
3,2026-03-13 22:00:00,877.91,Flipkart,shopping
3,2026-03-13 23:00:00,326.12,Zomato,food
3,2026-03-13 17:00:00,326.7,Cafe,food
3,2026-03-14 08:00:00,350.32,Auto,transport
3,2026-03-14 22:00:00,69.53,Swiggy,food
3,2026-03-14 10:00:00,237.8,Flipkart,shopping
3,2026-03-14 19:00:00,354.09,Amazon,shopping
3,2026-03-15 11:00:00,302.99,Uber,transport
3,2026-03-15 14:00:00,169.5,Flipkart,shopping
3,2026-03-15 10:00:00,680.36,Amazon,shopping
3,2026-03-16 09:00:00,442.87,Zomato,food
3,2026-03-16 13:00:00,757.13,Amazon,shopping
3,2026-03-17 08:00:00,503.18,Amazon,shopping
3,2026-03-17 16:00:00,329.42,Amazon,shopping
3,2026-03-17 09:00:00,833.71,Auto,transport
3,2026-03-17 09:00:00,249.18,Cafe,food
3,2026-03-17 13:00:00,663.86,Cafe,food
3,2026-03-18 14:00:00,498.74,Auto,transport
3,2026-03-18 08:00:00,671.21,Cafe,food
3,2026-03-18 11:00:00,303.91,Cafe,food
3,2026-03-19 08:00:00,772.44,Auto,transport
3,2026-03-19 09:00:00,135.61,Amazon,shopping
3,2026-03-19 09:00:00,665.44,Auto,transport
3,2026-03-20 14:00:00,240.98,Flipkart,shopping
3,2026-03-20 10:00:00,842.06,Amazon,shopping
3,2026-03-21 22:00:00,916.34,Uber,transport
3,2026-03-22 15:00:00,776.15,Uber,transport
3,2026-03-22 20:00:00,981.25,Auto,transport
3,2026-03-22 19:00:00,768.83,Netflix,entertainment
3,2026-03-23 19:00:00,690.56,Netflix,entertainment
3,2026-03-23 15:00:00,336.55,Uber,transport
3,2026-03-23 10:00:00,548.42,Movie,entertainment
3,2026-03-23 21:00:00,732.31,Zomato,food
3,2026-03-24 23:00:00,402.97,Amazon,shopping
3,2026-03-24 15:00:00,844.17,Netflix,entertainment
3,2026-03-24 10:00:00,420.59,Flipkart,shopping
3,2026-03-25 23:00:00,254.22,Swiggy,food
3,2026-03-26 18:00:00,613.35,Flipkart,shopping
3,2026-03-26 17:00:00,869.1,Movie,entertainment
3,2026-03-27 21:00:00,325.34,Movie,entertainment
3,2026-03-27 13:00:00,707.19,Amazon,shopping
3,2026-03-27 09:00:00,107.88,Uber,transport
3,2026-03-28 17:00:00,923.81,Uber,transport
3,2026-03-28 15:00:00,731.26,Uber,transport
3,2026-03-28 16:00:00,831.99,Movie,entertainment
3,2026-03-29 20:00:00,526.87,Uber,transport
3,2026-03-29 19:00:00,824.68,Flipkart,shopping
3,2026-03-30 19:00:00,985.09,Uber,transport
3,2026-03-30 22:00:00,65.65,Zomato,food
3,2026-03-30 14:00:00,197.83,Cafe,food
3,2026-03-30 23:00:00,989.38,Auto,transport
3,2026-03-31 22:00:00,352.31,Uber,transport
3,2026-03-31 10:00:00,478.54,Zomato,food
3,2026-03-31 08:00:00,490.85,Movie,entertainment
3,2026-03-31 21:00:00,556.77,Flipkart,shopping
3,2026-03-31 13:00:00,927.08,Netflix,entertainment
3,2026-04-01 15:00:00,575.73,Amazon,shopping
3,2026-04-01 11:00:00,816.1,Cafe,food
3,2026-04-02 12:00:00,489.32,Cafe,food
3,2026-04-02 20:00:00,482.74,Zomato,food
3,2026-04-02 09:00:00,472.95,Uber,transport
3,2026-04-02 23:00:00,977.07,Swiggy,food
3,2026-04-03 23:00:00,704.01,Zomato,food
3,2026-04-03 19:00:00,855.73,Netflix,entertainment
3,2026-04-03 21:00:00,853.82,Auto,transport
3,2026-04-03 22:00:00,932.32,Zomato,food
3,2026-04-04 19:00:00,678.55,Flipkart,shopping
3,2026-04-04 23:00:00,782.64,Swiggy,food
3,2026-04-04 08:00:00,62.3,Auto,transport
3,2026-04-04 21:00:00,121.28,Uber,transport
3,2026-04-05 22:00:00,142.44,Flipkart,shopping
3,2026-04-05 10:00:00,731.85,Uber,transport
3,2026-04-05 16:00:00,778.71,Auto,transport
3,2026-04-05 12:00:00,809.47,Uber,transport
3,2026-04-05 22:00:00,608.45,Swiggy,food
3,2026-04-06 11:00:00,428.01,Flipkart,shopping
3,2026-04-06 18:00:00,575.18,Uber,transport
3,2026-04-06 13:00:00,691.07,Uber,transport
3,2026-04-06 08:00:00,379.49,Flipkart,shopping
3,2026-04-06 12:00:00,654.21,Cafe,food
3,2026-04-07 22:00:00,896.94,Cafe,food
3,2026-04-07 10:00:00,474.63,Movie,entertainment
3,2026-04-08 20:00:00,637.95,Netflix,entertainment
3,2026-04-08 23:00:00,724.44,Uber,transport
3,2026-04-08 13:00:00,568.07,Uber,transport
3,2026-04-08 20:00:00,416.89,Netflix,entertainment
3,2026-04-08 18:00:00,580.53,Amazon,shopping
3,2026-04-09 13:00:00,709.67,Swiggy,food
3,2026-04-09 23:00:00,125.56,Cafe,food
3,2026-04-09 23:00:00,645.16,Netflix,entertainment
3,2026-04-10 17:00:00,989.76,Cafe,food
3,2026-04-10 09:00:00,123.38,Amazon,shopping
3,2026-04-11 22:00:00,348.28,Cafe,food
3,2026-04-11 21:00:00,870.81,Auto,transport
3,2026-04-11 09:00:00,972.12,Netflix,entertainment
3,2026-04-11 11:00:00,983.03,Zomato,food
3,2026-04-11 08:00:00,102.66,Cafe,food
3,2026-04-12 23:00:00,891.61,Zomato,food
3,2026-04-12 19:00:00,387.04,Swiggy,food
3,2026-04-13 17:00:00,565.38,Flipkart,shopping
3,2026-04-13 14:00:00,114.0,Amazon,shopping
3,2026-04-13 12:00:00,615.19,Uber,transport
3,2026-04-13 21:00:00,915.68,Uber,transport
3,2026-04-13 14:00:00,185.53,Uber,transport
3,2026-04-14 23:00:00,52.83,Zomato,food
3,2026-04-14 11:00:00,663.23,Amazon,shopping
3,2026-04-15 23:00:00,190.06,Zomato,food
3,2026-04-15 23:00:00,294.0,Auto,transport
3,2026-04-15 13:00:00,575.7,Uber,transport
3,2026-04-15 23:00:00,354.07,Cafe,food
3,2026-04-15 23:00:00,362.12,Zomato,food
3,2026-04-16 22:00:00,358.65,Swiggy,food
3,2026-04-16 13:00:00,443.01,Auto,transport
3,2026-04-17 22:00:00,128.47,Amazon,shopping
3,2026-04-17 17:00:00,161.84,Auto,transport
3,2026-04-17 11:00:00,368.92,Cafe,food
3,2026-04-17 23:00:00,224.01,Flipkart,shopping
3,2026-04-17 19:00:00,58.49,Flipkart,shopping
3,2026-04-18 23:00:00,337.37,Flipkart,shopping
3,2026-04-19 11:00:00,305.08,Auto,transport
3,2026-04-19 21:00:00,76.37,Zomato,food
3,2026-04-20 10:00:00,149.31,Movie,entertainment
3,2026-04-20 18:00:00,853.71,Flipkart,shopping
3,2026-04-20 16:00:00,767.31,Auto,transport
3,2026-04-20 00:00:00,309.95,Cafe,food
3,2026-04-21 15:00:00,240.47,Flipkart,shopping
3,2026-04-22 23:00:00,330.41,Flipkart,shopping
3,2026-04-22 21:00:00,925.74,Cafe,food
3,2026-04-22 14:00:00,532.18,Movie,entertainment
3,2026-04-22 08:00:00,257.44,Movie,entertainment
3,2026-04-22 20:00:00,761.53,Uber,transport
3,2026-04-23 09:00:00,711.56,Cafe,food
3,2026-04-23 00:00:00,488.03,Swiggy,food
3,2026-04-23 20:00:00,648.0,Amazon,shopping
3,2026-04-23 22:00:00,498.34,Amazon,shopping
3,2026-04-23 09:00:00,811.34,Movie,entertainment
3,2026-04-24 19:00:00,452.28,Auto,transport
3,2026-04-24 23:00:00,348.62,Cafe,food
3,2026-04-25 16:00:00,533.5,Flipkart,shopping
3,2026-04-25 14:00:00,171.98,Amazon,shopping
3,2026-04-26 12:00:00,539.77,Uber,transport
3,2026-04-26 19:00:00,161.48,Amazon,shopping
3,2026-04-26 17:00:00,772.7,Uber,transport
3,2026-04-27 10:00:00,166.14,Netflix,entertainment
3,2026-04-27 22:00:00,581.89,Auto,transport
3,2026-04-27 16:00:00,432.86,Movie,entertainment
3,2026-04-27 18:00:00,478.8,Swiggy,food
3,2026-04-28 19:00:00,417.9,Uber,transport
3,2026-04-28 16:00:00,147.88,Netflix,entertainment
3,2026-04-28 11:00:00,103.67,Netflix,entertainment
3,2026-04-29 22:00:00,399.85,Swiggy,food
3,2026-04-30 15:00:00,929.2,Swiggy,food
3,2026-04-30 16:00:00,475.05,Uber,transport
3,2026-04-30 15:00:00,962.94,Amazon,shopping
3,2026-04-30 11:00:00,662.58,Netflix,entertainment
3,2026-04-30 09:00:00,560.37,Zomato,food
4,2026-01-01 08:00:00,960.15,Movie,entertainment
4,2026-01-01 12:00:00,477.64,Flipkart,shopping
4,2026-01-01 19:00:00,651.91,Netflix,entertainment
4,2026-01-02 08:00:00,530.12,Amazon,shopping
4,2026-01-02 20:00:00,579.6,Netflix,entertainment
4,2026-01-02 14:00:00,384.88,Amazon,shopping
4,2026-01-02 22:00:00,910.84,Swiggy,food
4,2026-01-02 17:00:00,472.7,Movie,entertainment
4,2026-01-03 20:00:00,226.97,Netflix,entertainment
4,2026-01-04 15:00:00,856.86,Amazon,shopping
4,2026-01-04 11:00:00,836.36,Uber,transport
4,2026-01-04 16:00:00,457.18,Zomato,food
4,2026-01-04 13:00:00,595.47,Netflix,entertainment
4,2026-01-05 23:00:00,259.78,Cafe,food
4,2026-01-05 21:00:00,151.66,Uber,transport
4,2026-01-06 23:00:00,334.38,Netflix,entertainment
4,2026-01-06 22:00:00,626.39,Uber,transport
4,2026-01-06 17:00:00,650.41,Cafe,food
4,2026-01-07 14:00:00,953.83,Movie,entertainment
4,2026-01-07 11:00:00,215.05,Amazon,shopping
4,2026-01-08 22:00:00,871.32,Zomato,food
4,2026-01-08 20:00:00,670.31,Auto,transport
4,2026-01-08 18:00:00,698.75,Amazon,shopping
4,2026-01-08 10:00:00,759.88,Netflix,entertainment
4,2026-01-08 08:00:00,857.32,Amazon,shopping
4,2026-01-09 08:00:00,882.66,Auto,transport
4,2026-01-09 08:00:00,904.52,Uber,transport
4,2026-01-09 09:00:00,708.36,Auto,transport
4,2026-01-09 12:00:00,838.78,Netflix,entertainment
4,2026-01-09 10:00:00,586.63,Movie,entertainment
4,2026-01-10 15:00:00,258.72,Movie,entertainment
4,2026-01-10 22:00:00,152.54,Zomato,food
4,2026-01-10 22:00:00,828.49,Amazon,shopping
4,2026-01-11 17:00:00,868.58,Netflix,entertainment
4,2026-01-12 11:00:00,642.66,Amazon,shopping
4,2026-01-12 17:00:00,578.91,Flipkart,shopping
4,2026-01-12 09:00:00,741.49,Amazon,shopping
4,2026-01-12 17:00:00,503.57,Swiggy,food
4,2026-01-13 19:00:00,604.5,Cafe,food
4,2026-01-13 14:00:00,418.21,Movie,entertainment
4,2026-01-13 22:00:00,284.7,Zomato,food
4,2026-01-13 13:00:00,479.37,Movie,entertainment
4,2026-01-14 19:00:00,171.85,Zomato,food
4,2026-01-14 22:00:00,410.55,Flipkart,shopping
4,2026-01-14 14:00:00,391.62,Uber,transport
4,2026-01-14 11:00:00,158.81,Auto,transport
4,2026-01-14 23:00:00,224.69,Zomato,food
4,2026-01-15 22:00:00,271.53,Movie,entertainment
4,2026-01-15 15:00:00,356.58,Flipkart,shopping
4,2026-01-15 17:00:00,657.44,Amazon,shopping
4,2026-01-16 22:00:00,845.35,Auto,transport
4,2026-01-16 19:00:00,806.7,Auto,transport
4,2026-01-16 23:00:00,193.21,Zomato,food
4,2026-01-16 10:00:00,127.96,Zomato,food
4,2026-01-17 14:00:00,123.68,Movie,entertainment
4,2026-01-17 08:00:00,58.15,Flipkart,shopping
4,2026-01-17 21:00:00,716.65,Flipkart,shopping
4,2026-01-17 00:00:00,740.07,Swiggy,food
4,2026-01-17 08:00:00,485.18,Flipkart,shopping
4,2026-01-18 23:00:00,515.35,Cafe,food
4,2026-01-18 19:00:00,130.25,Movie,entertainment
4,2026-01-18 20:00:00,917.08,Zomato,food
4,2026-01-19 23:00:00,67.26,Movie,entertainment
4,2026-01-19 16:00:00,766.64,Swiggy,food
4,2026-01-20 23:00:00,919.41,Cafe,food
4,2026-01-21 14:00:00,282.88,Auto,transport
4,2026-01-21 16:00:00,593.71,Flipkart,shopping
4,2026-01-21 13:00:00,810.4,Auto,transport
4,2026-01-21 15:00:00,886.63,Movie,entertainment
4,2026-01-21 23:00:00,853.42,Cafe,food
4,2026-01-22 14:00:00,976.38,Netflix,entertainment
4,2026-01-23 13:00:00,741.2,Zomato,food
4,2026-01-23 11:00:00,994.84,Swiggy,food
4,2026-01-23 23:00:00,930.64,Zomato,food
4,2026-01-24 12:00:00,644.01,Movie,entertainment
4,2026-01-24 11:00:00,870.31,Uber,transport
4,2026-01-25 14:00:00,653.57,Movie,entertainment
4,2026-01-25 17:00:00,970.33,Movie,entertainment
4,2026-01-26 20:00:00,570.21,Amazon,shopping
4,2026-01-26 22:00:00,590.36,Netflix,entertainment
4,2026-01-26 00:00:00,295.36,Zomato,food
4,2026-01-26 16:00:00,601.78,Netflix,entertainment
4,2026-01-27 23:00:00,554.91,Zomato,food
4,2026-01-27 18:00:00,935.17,Amazon,shopping
4,2026-01-27 15:00:00,568.81,Netflix,entertainment
4,2026-01-27 19:00:00,380.43,Amazon,shopping
4,2026-01-27 22:00:00,975.6,Auto,transport
4,2026-01-28 10:00:00,54.22,Netflix,entertainment
4,2026-01-28 22:00:00,199.6,Swiggy,food
4,2026-01-28 13:00:00,979.22,Zomato,food
4,2026-01-29 13:00:00,743.76,Auto,transport
4,2026-01-29 00:00:00,687.11,Zomato,food
4,2026-01-30 13:00:00,122.88,Flipkart,shopping
4,2026-01-30 10:00:00,174.83,Zomato,food
4,2026-01-30 19:00:00,474.72,Auto,transport
4,2026-01-30 18:00:00,186.99,Auto,transport
4,2026-01-31 08:00:00,242.42,Amazon,shopping
4,2026-01-31 21:00:00,284.67,Uber,transport
4,2026-02-01 12:00:00,592.44,Flipkart,shopping
4,2026-02-01 12:00:00,989.34,Uber,transport
4,2026-02-01 08:00:00,309.25,Uber,transport
4,2026-02-01 16:00:00,554.88,Zomato,food
4,2026-02-01 14:00:00,515.07,Movie,entertainment
4,2026-02-02 15:00:00,666.03,Flipkart,shopping
4,2026-02-02 23:00:00,246.83,Swiggy,food
4,2026-02-03 08:00:00,322.3,Uber,transport
4,2026-02-03 10:00:00,215.73,Flipkart,shopping
4,2026-02-03 00:00:00,194.45,Swiggy,food
4,2026-02-04 19:00:00,949.0,Flipkart,shopping
4,2026-02-04 08:00:00,470.01,Netflix,entertainment
4,2026-02-04 22:00:00,391.4,Movie,entertainment
4,2026-02-04 08:00:00,482.93,Movie,entertainment
4,2026-02-05 09:00:00,510.53,Flipkart,shopping
4,2026-02-05 23:00:00,932.04,Flipkart,shopping
4,2026-02-05 14:00:00,222.23,Netflix,entertainment
4,2026-02-05 00:00:00,442.51,Cafe,food
4,2026-02-05 20:00:00,960.34,Auto,transport
4,2026-02-06 14:00:00,402.03,Netflix,entertainment
4,2026-02-06 15:00:00,381.85,Netflix,entertainment
4,2026-02-06 13:00:00,490.27,Movie,entertainment
4,2026-02-07 10:00:00,183.45,Flipkart,shopping
4,2026-02-07 23:00:00,97.21,Zomato,food
4,2026-02-07 19:00:00,518.06,Zomato,food
4,2026-02-07 19:00:00,581.9,Amazon,shopping
4,2026-02-08 10:00:00,825.72,Netflix,entertainment
4,2026-02-08 23:00:00,753.87,Netflix,entertainment
4,2026-02-08 23:00:00,417.43,Cafe,food
4,2026-02-08 08:00:00,234.38,Swiggy,food
4,2026-02-08 20:00:00,114.13,Swiggy,food
4,2026-02-09 23:00:00,123.08,Uber,transport
4,2026-02-09 21:00:00,124.69,Movie,entertainment
4,2026-02-09 20:00:00,104.95,Uber,transport
4,2026-02-09 15:00:00,212.0,Cafe,food
4,2026-02-10 14:00:00,113.24,Movie,entertainment
4,2026-02-10 13:00:00,476.0,Auto,transport
4,2026-02-10 13:00:00,631.6,Netflix,entertainment
4,2026-02-10 09:00:00,282.67,Uber,transport
4,2026-02-10 20:00:00,321.78,Uber,transport
4,2026-02-11 12:00:00,858.89,Netflix,entertainment
4,2026-02-11 10:00:00,469.1,Flipkart,shopping
4,2026-02-11 11:00:00,172.36,Uber,transport
4,2026-02-11 09:00:00,371.08,Auto,transport
4,2026-02-12 12:00:00,986.6,Uber,transport
4,2026-02-12 16:00:00,857.51,Flipkart,shopping
4,2026-02-13 20:00:00,772.31,Netflix,entertainment
4,2026-02-13 14:00:00,810.02,Cafe,food
4,2026-02-13 09:00:00,515.5,Auto,transport
4,2026-02-14 22:00:00,498.43,Netflix,entertainment
4,2026-02-14 14:00:00,298.92,Flipkart,shopping
4,2026-02-14 13:00:00,780.38,Movie,entertainment
4,2026-02-14 14:00:00,234.71,Auto,transport
4,2026-02-15 16:00:00,903.46,Cafe,food
4,2026-02-15 20:00:00,787.93,Flipkart,shopping
4,2026-02-15 17:00:00,518.08,Flipkart,shopping
4,2026-02-15 09:00:00,184.9,Movie,entertainment
4,2026-02-15 18:00:00,332.63,Movie,entertainment
4,2026-02-16 21:00:00,658.11,Auto,transport
4,2026-02-16 12:00:00,897.94,Cafe,food
4,2026-02-16 12:00:00,66.26,Flipkart,shopping
4,2026-02-16 18:00:00,290.13,Movie,entertainment
4,2026-02-16 11:00:00,762.87,Auto,transport
4,2026-02-17 17:00:00,638.89,Amazon,shopping
4,2026-02-17 14:00:00,822.94,Auto,transport
4,2026-02-17 09:00:00,479.69,Cafe,food
4,2026-02-17 21:00:00,422.3,Netflix,entertainment
4,2026-02-17 12:00:00,951.29,Movie,entertainment
4,2026-02-18 09:00:00,570.93,Zomato,food
4,2026-02-19 10:00:00,648.04,Netflix,entertainment
4,2026-02-19 21:00:00,587.14,Amazon,shopping
4,2026-02-19 16:00:00,599.34,Swiggy,food
4,2026-02-19 23:00:00,863.17,Auto,transport
4,2026-02-20 16:00:00,629.94,Amazon,shopping
4,2026-02-20 14:00:00,856.23,Uber,transport
4,2026-02-21 14:00:00,608.84,Amazon,shopping
4,2026-02-22 21:00:00,209.18,Auto,transport
4,2026-02-22 10:00:00,231.37,Auto,transport
4,2026-02-22 18:00:00,480.04,Uber,transport
4,2026-02-22 11:00:00,432.67,Netflix,entertainment
4,2026-02-23 21:00:00,177.58,Uber,transport
4,2026-02-23 18:00:00,649.05,Auto,transport
4,2026-02-23 12:00:00,900.51,Uber,transport
4,2026-02-24 22:00:00,785.42,Swiggy,food
4,2026-02-25 20:00:00,131.64,Netflix,entertainment
4,2026-02-26 19:00:00,56.82,Flipkart,shopping
4,2026-02-26 15:00:00,793.08,Swiggy,food
4,2026-02-26 18:00:00,331.8,Cafe,food
4,2026-02-27 23:00:00,97.6,Amazon,shopping
4,2026-02-27 18:00:00,981.53,Uber,transport
4,2026-02-27 20:00:00,552.58,Movie,entertainment
4,2026-02-27 00:00:00,149.53,Zomato,food
4,2026-02-28 10:00:00,837.21,Netflix,entertainment
4,2026-02-28 08:00:00,309.34,Movie,entertainment
4,2026-02-28 14:00:00,382.59,Flipkart,shopping
4,2026-02-28 11:00:00,269.81,Netflix,entertainment
4,2026-03-01 08:00:00,552.01,Flipkart,shopping
4,2026-03-01 16:00:00,963.31,Netflix,entertainment
4,2026-03-01 12:00:00,478.11,Movie,entertainment
4,2026-03-02 17:00:00,915.97,Netflix,entertainment
4,2026-03-03 19:00:00,820.76,Amazon,shopping
4,2026-03-03 15:00:00,423.33,Netflix,entertainment
4,2026-03-03 23:00:00,826.57,Netflix,entertainment
4,2026-03-03 12:00:00,535.49,Uber,transport
4,2026-03-04 21:00:00,716.85,Auto,transport
4,2026-03-04 08:00:00,891.37,Netflix,entertainment
4,2026-03-04 11:00:00,443.53,Movie,entertainment
4,2026-03-05 08:00:00,952.76,Netflix,entertainment
4,2026-03-05 10:00:00,265.4,Amazon,shopping
4,2026-03-05 18:00:00,619.83,Auto,transport
4,2026-03-05 09:00:00,128.74,Amazon,shopping
4,2026-03-05 17:00:00,550.78,Amazon,shopping
4,2026-03-06 22:00:00,382.9,Movie,entertainment
4,2026-03-07 17:00:00,238.78,Zomato,food
4,2026-03-07 17:00:00,622.11,Flipkart,shopping
4,2026-03-07 23:00:00,154.26,Uber,transport
4,2026-03-08 10:00:00,500.97,Movie,entertainment
4,2026-03-08 15:00:00,73.67,Movie,entertainment
4,2026-03-08 11:00:00,659.23,Flipkart,shopping
4,2026-03-09 22:00:00,948.02,Cafe,food
4,2026-03-09 14:00:00,343.5,Auto,transport
4,2026-03-09 22:00:00,884.17,Auto,transport
4,2026-03-09 22:00:00,201.38,Cafe,food
4,2026-03-10 10:00:00,158.16,Zomato,food
4,2026-03-10 22:00:00,255.71,Zomato,food
4,2026-03-10 19:00:00,147.09,Cafe,food
4,2026-03-11 17:00:00,361.3,Zomato,food
4,2026-03-11 17:00:00,999.59,Auto,transport
4,2026-03-11 21:00:00,477.84,Netflix,entertainment
4,2026-03-12 22:00:00,163.46,Amazon,shopping
4,2026-03-12 16:00:00,946.86,Netflix,entertainment
4,2026-03-12 19:00:00,624.92,Cafe,food
4,2026-03-12 08:00:00,390.65,Amazon,shopping
4,2026-03-12 08:00:00,245.82,Uber,transport
4,2026-03-13 19:00:00,640.56,Auto,transport
4,2026-03-14 21:00:00,986.46,Flipkart,shopping
4,2026-03-14 09:00:00,796.09,Uber,transport
4,2026-03-15 08:00:00,768.9,Cafe,food
4,2026-03-16 23:00:00,209.0,Movie,entertainment
4,2026-03-16 21:00:00,912.16,Movie,entertainment
4,2026-03-17 11:00:00,265.66,Netflix,entertainment
4,2026-03-18 10:00:00,587.86,Netflix,entertainment
4,2026-03-19 00:00:00,426.57,Cafe,food
4,2026-03-19 15:00:00,628.84,Movie,entertainment
4,2026-03-19 18:00:00,668.43,Amazon,shopping
4,2026-03-19 17:00:00,186.91,Amazon,shopping
4,2026-03-20 19:00:00,524.75,Netflix,entertainment
4,2026-03-20 23:00:00,892.02,Swiggy,food
4,2026-03-21 23:00:00,715.28,Netflix,entertainment
4,2026-03-22 16:00:00,201.77,Amazon,shopping
4,2026-03-22 20:00:00,418.86,Netflix,entertainment
4,2026-03-22 10:00:00,234.96,Movie,entertainment
4,2026-03-22 21:00:00,586.4,Flipkart,shopping
4,2026-03-23 17:00:00,171.03,Amazon,shopping
4,2026-03-23 23:00:00,756.12,Uber,transport
4,2026-03-24 09:00:00,580.95,Cafe,food
4,2026-03-24 22:00:00,351.44,Netflix,entertainment
4,2026-03-24 22:00:00,546.89,Zomato,food
4,2026-03-24 15:00:00,173.39,Amazon,shopping
4,2026-03-25 00:00:00,476.79,Zomato,food
4,2026-03-26 13:00:00,493.43,Flipkart,shopping
4,2026-03-26 09:00:00,623.74,Netflix,entertainment
4,2026-03-26 10:00:00,221.43,Uber,transport
4,2026-03-26 21:00:00,243.17,Swiggy,food
4,2026-03-27 21:00:00,162.23,Cafe,food
4,2026-03-27 23:00:00,331.34,Zomato,food
4,2026-03-27 16:00:00,473.62,Flipkart,shopping
4,2026-03-28 15:00:00,410.76,Netflix,entertainment
4,2026-03-28 18:00:00,496.79,Movie,entertainment
4,2026-03-29 15:00:00,850.73,Swiggy,food
4,2026-03-30 13:00:00,264.09,Flipkart,shopping
4,2026-03-31 19:00:00,87.12,Amazon,shopping
4,2026-03-31 11:00:00,272.48,Amazon,shopping
4,2026-03-31 17:00:00,320.22,Uber,transport
4,2026-03-31 21:00:00,261.18,Auto,transport
4,2026-04-01 13:00:00,770.61,Cafe,food
4,2026-04-01 14:00:00,747.45,Zomato,food
4,2026-04-02 17:00:00,668.47,Auto,transport
4,2026-04-02 19:00:00,896.15,Auto,transport
4,2026-04-02 23:00:00,866.73,Swiggy,food
4,2026-04-03 22:00:00,913.85,Auto,transport
4,2026-04-03 10:00:00,388.42,Flipkart,shopping
4,2026-04-03 22:00:00,70.47,Zomato,food
4,2026-04-03 23:00:00,454.61,Zomato,food
4,2026-04-03 14:00:00,365.54,Auto,transport
4,2026-04-04 22:00:00,825.02,Auto,transport
4,2026-04-04 11:00:00,708.86,Amazon,shopping
4,2026-04-04 23:00:00,991.34,Cafe,food
4,2026-04-04 16:00:00,551.67,Auto,transport
4,2026-04-04 23:00:00,355.04,Swiggy,food
4,2026-04-05 21:00:00,683.0,Amazon,shopping
4,2026-04-05 16:00:00,251.39,Auto,transport
4,2026-04-06 09:00:00,742.66,Amazon,shopping
4,2026-04-07 21:00:00,907.14,Flipkart,shopping
4,2026-04-07 14:00:00,817.92,Uber,transport
4,2026-04-07 16:00:00,661.7,Movie,entertainment
4,2026-04-08 08:00:00,907.34,Amazon,shopping
4,2026-04-08 22:00:00,857.66,Zomato,food
4,2026-04-08 15:00:00,584.91,Netflix,entertainment
4,2026-04-08 11:00:00,919.29,Netflix,entertainment
4,2026-04-09 21:00:00,258.51,Movie,entertainment
4,2026-04-10 08:00:00,653.55,Amazon,shopping
4,2026-04-10 21:00:00,750.68,Netflix,entertainment
4,2026-04-11 10:00:00,944.01,Auto,transport
4,2026-04-11 20:00:00,678.82,Movie,entertainment
4,2026-04-11 09:00:00,414.52,Amazon,shopping
4,2026-04-11 20:00:00,812.9,Amazon,shopping
4,2026-04-12 10:00:00,530.3,Amazon,shopping
4,2026-04-12 21:00:00,708.0,Auto,transport
4,2026-04-12 21:00:00,841.26,Uber,transport
4,2026-04-12 08:00:00,524.51,Zomato,food
4,2026-04-13 13:00:00,383.02,Uber,transport
4,2026-04-13 20:00:00,807.3,Flipkart,shopping
4,2026-04-13 17:00:00,652.35,Movie,entertainment
4,2026-04-14 20:00:00,184.62,Zomato,food
4,2026-04-14 15:00:00,724.16,Amazon,shopping
4,2026-04-14 17:00:00,485.53,Cafe,food
4,2026-04-14 09:00:00,635.56,Amazon,shopping
4,2026-04-14 08:00:00,86.35,Flipkart,shopping
4,2026-04-15 12:00:00,405.06,Zomato,food
4,2026-04-16 15:00:00,172.74,Auto,transport
4,2026-04-16 22:00:00,426.89,Uber,transport
4,2026-04-17 19:00:00,123.72,Uber,transport
4,2026-04-17 19:00:00,550.16,Uber,transport
4,2026-04-17 10:00:00,487.48,Auto,transport
4,2026-04-17 21:00:00,273.68,Netflix,entertainment
4,2026-04-18 13:00:00,707.3,Amazon,shopping
4,2026-04-18 09:00:00,206.15,Swiggy,food
4,2026-04-18 23:00:00,851.31,Cafe,food
4,2026-04-18 15:00:00,700.39,Swiggy,food
4,2026-04-19 23:00:00,599.95,Cafe,food
4,2026-04-19 13:00:00,680.43,Auto,transport
4,2026-04-20 17:00:00,745.27,Uber,transport
4,2026-04-20 08:00:00,804.88,Auto,transport
4,2026-04-20 17:00:00,609.53,Flipkart,shopping
4,2026-04-21 13:00:00,206.95,Auto,transport
4,2026-04-21 20:00:00,121.78,Flipkart,shopping
4,2026-04-21 13:00:00,564.65,Swiggy,food
4,2026-04-22 20:00:00,267.48,Netflix,entertainment
4,2026-04-22 10:00:00,926.15,Amazon,shopping
4,2026-04-22 14:00:00,599.0,Amazon,shopping
4,2026-04-22 22:00:00,948.67,Auto,transport
4,2026-04-22 21:00:00,645.68,Swiggy,food
4,2026-04-23 08:00:00,579.43,Amazon,shopping
4,2026-04-23 12:00:00,975.17,Auto,transport
4,2026-04-24 16:00:00,409.47,Zomato,food
4,2026-04-24 17:00:00,496.77,Cafe,food
4,2026-04-24 16:00:00,840.75,Uber,transport
4,2026-04-25 21:00:00,876.55,Movie,entertainment
4,2026-04-25 16:00:00,228.94,Amazon,shopping
4,2026-04-25 21:00:00,822.57,Movie,entertainment
4,2026-04-25 17:00:00,624.2,Movie,entertainment
4,2026-04-25 09:00:00,338.48,Uber,transport
4,2026-04-26 13:00:00,459.88,Auto,transport
4,2026-04-26 13:00:00,157.35,Zomato,food
4,2026-04-26 13:00:00,480.13,Swiggy,food
4,2026-04-27 23:00:00,736.49,Cafe,food
4,2026-04-27 22:00:00,215.51,Flipkart,shopping
4,2026-04-27 20:00:00,978.66,Auto,transport
4,2026-04-27 21:00:00,106.22,Cafe,food
4,2026-04-28 23:00:00,991.5,Auto,transport
4,2026-04-29 11:00:00,240.33,Uber,transport
4,2026-04-30 15:00:00,814.93,Swiggy,food
4,2026-04-30 18:00:00,723.33,Netflix,entertainment
4,2026-04-30 10:00:00,995.81,Movie,entertainment
4,2026-04-30 16:00:00,746.41,Amazon,shopping
4,2026-04-30 19:00:00,685.49,Swiggy,food
5,2026-01-01 20:00:00,449.1,Amazon,shopping
5,2026-01-01 10:00:00,496.92,Auto,transport
5,2026-01-02 19:00:00,352.48,Zomato,food
5,2026-01-02 11:00:00,566.85,Uber,transport
5,2026-01-03 10:00:00,157.03,Flipkart,shopping
5,2026-01-04 21:00:00,701.05,Netflix,entertainment
5,2026-01-04 23:00:00,329.95,Zomato,food
5,2026-01-05 13:00:00,302.43,Uber,transport
5,2026-01-06 12:00:00,163.7,Swiggy,food
5,2026-01-06 17:00:00,96.36,Uber,transport
5,2026-01-06 19:00:00,310.3,Netflix,entertainment
5,2026-01-07 15:00:00,785.3,Amazon,shopping
5,2026-01-08 22:00:00,815.16,Movie,entertainment
5,2026-01-08 17:00:00,896.61,Flipkart,shopping
5,2026-01-08 23:00:00,194.71,Swiggy,food
5,2026-01-09 10:00:00,570.05,Movie,entertainment
5,2026-01-09 10:00:00,654.59,Cafe,food
5,2026-01-09 09:00:00,67.07,Auto,transport
5,2026-01-10 22:00:00,777.28,Flipkart,shopping
5,2026-01-10 11:00:00,433.42,Flipkart,shopping
5,2026-01-11 16:00:00,817.16,Netflix,entertainment
5,2026-01-11 15:00:00,173.78,Movie,entertainment
5,2026-01-12 18:00:00,551.94,Uber,transport
5,2026-01-12 15:00:00,53.52,Auto,transport
5,2026-01-13 11:00:00,711.99,Uber,transport
5,2026-01-13 17:00:00,507.24,Amazon,shopping
5,2026-01-13 20:00:00,236.16,Uber,transport
5,2026-01-14 15:00:00,318.62,Movie,entertainment
5,2026-01-14 09:00:00,276.95,Flipkart,shopping
5,2026-01-14 15:00:00,64.06,Auto,transport
5,2026-01-15 20:00:00,363.71,Auto,transport
5,2026-01-15 22:00:00,118.68,Amazon,shopping
5,2026-01-15 16:00:00,886.28,Cafe,food
5,2026-01-15 08:00:00,266.64,Uber,transport
5,2026-01-16 19:00:00,563.78,Amazon,shopping
5,2026-01-16 09:00:00,140.61,Movie,entertainment
5,2026-01-16 19:00:00,805.36,Movie,entertainment
5,2026-01-16 13:00:00,644.83,Amazon,shopping
5,2026-01-16 11:00:00,262.82,Movie,entertainment
5,2026-01-17 08:00:00,500.5,Movie,entertainment
5,2026-01-17 22:00:00,822.28,Zomato,food
5,2026-01-17 16:00:00,696.38,Swiggy,food
5,2026-01-17 19:00:00,113.12,Netflix,entertainment
5,2026-01-17 23:00:00,464.83,Swiggy,food
5,2026-01-18 22:00:00,122.1,Zomato,food
5,2026-01-19 19:00:00,212.64,Netflix,entertainment
5,2026-01-19 18:00:00,77.41,Amazon,shopping
5,2026-01-19 20:00:00,750.63,Zomato,food
5,2026-01-20 19:00:00,811.17,Movie,entertainment
5,2026-01-20 15:00:00,272.61,Netflix,entertainment
5,2026-01-21 18:00:00,700.4,Flipkart,shopping
5,2026-01-21 22:00:00,740.62,Cafe,food
5,2026-01-21 11:00:00,329.21,Netflix,entertainment
5,2026-01-22 23:00:00,140.63,Swiggy,food
5,2026-01-22 18:00:00,985.76,Movie,entertainment
5,2026-01-22 21:00:00,923.61,Auto,transport
5,2026-01-22 18:00:00,232.56,Zomato,food
5,2026-01-22 23:00:00,949.29,Uber,transport
5,2026-01-23 23:00:00,268.08,Cafe,food
5,2026-01-23 23:00:00,195.28,Flipkart,shopping
5,2026-01-23 19:00:00,667.3,Cafe,food
5,2026-01-24 22:00:00,796.59,Swiggy,food
5,2026-01-24 08:00:00,74.56,Zomato,food
5,2026-01-24 00:00:00,402.12,Swiggy,food
5,2026-01-25 09:00:00,729.34,Swiggy,food
5,2026-01-25 13:00:00,880.36,Cafe,food
5,2026-01-25 17:00:00,607.0,Uber,transport
5,2026-01-25 09:00:00,824.43,Swiggy,food
5,2026-01-25 12:00:00,832.96,Auto,transport
5,2026-01-26 23:00:00,671.19,Uber,transport
5,2026-01-26 12:00:00,778.37,Zomato,food
5,2026-01-26 22:00:00,983.25,Netflix,entertainment
5,2026-01-26 21:00:00,406.36,Amazon,shopping
5,2026-01-26 22:00:00,886.01,Zomato,food
5,2026-01-27 16:00:00,327.69,Netflix,entertainment
5,2026-01-27 20:00:00,262.07,Zomato,food
5,2026-01-27 23:00:00,398.16,Cafe,food
5,2026-01-27 15:00:00,364.89,Uber,transport
5,2026-01-27 08:00:00,782.82,Netflix,entertainment
5,2026-01-28 11:00:00,233.02,Auto,transport
5,2026-01-28 21:00:00,269.19,Flipkart,shopping
5,2026-01-28 09:00:00,506.51,Uber,transport
5,2026-01-28 21:00:00,636.96,Cafe,food
5,2026-01-28 11:00:00,367.82,Auto,transport
5,2026-01-29 17:00:00,123.01,Uber,transport
5,2026-01-29 22:00:00,84.25,Netflix,entertainment
5,2026-01-29 23:00:00,556.41,Flipkart,shopping
5,2026-01-29 15:00:00,194.65,Auto,transport
5,2026-01-30 22:00:00,60.04,Amazon,shopping
5,2026-01-30 14:00:00,305.19,Netflix,entertainment
5,2026-01-30 08:00:00,985.51,Amazon,shopping
5,2026-01-30 22:00:00,963.73,Uber,transport
5,2026-01-30 13:00:00,410.78,Uber,transport
5,2026-01-31 20:00:00,779.21,Netflix,entertainment
5,2026-01-31 09:00:00,723.16,Swiggy,food
5,2026-01-31 15:00:00,623.21,Flipkart,shopping
5,2026-01-31 12:00:00,344.02,Swiggy,food
5,2026-02-01 16:00:00,243.09,Amazon,shopping
5,2026-02-01 23:00:00,671.77,Zomato,food
5,2026-02-01 00:00:00,190.9,Swiggy,food
5,2026-02-01 11:00:00,986.25,Auto,transport
5,2026-02-01 11:00:00,994.55,Zomato,food
5,2026-02-02 09:00:00,796.99,Cafe,food
5,2026-02-03 22:00:00,744.05,Movie,entertainment
5,2026-02-03 18:00:00,285.86,Auto,transport
5,2026-02-04 23:00:00,578.57,Auto,transport
5,2026-02-04 13:00:00,580.32,Netflix,entertainment
5,2026-02-04 08:00:00,277.66,Netflix,entertainment
5,2026-02-04 19:00:00,693.4,Uber,transport
5,2026-02-05 21:00:00,735.4,Uber,transport
5,2026-02-06 12:00:00,805.95,Swiggy,food
5,2026-02-06 19:00:00,234.58,Swiggy,food
5,2026-02-06 14:00:00,684.11,Flipkart,shopping
5,2026-02-06 15:00:00,363.21,Amazon,shopping
5,2026-02-06 15:00:00,823.88,Movie,entertainment
5,2026-02-07 21:00:00,873.79,Auto,transport
5,2026-02-07 21:00:00,194.69,Zomato,food
5,2026-02-08 08:00:00,517.07,Uber,transport
5,2026-02-08 10:00:00,185.62,Movie,entertainment
5,2026-02-08 11:00:00,152.77,Zomato,food
5,2026-02-09 08:00:00,209.56,Amazon,shopping
5,2026-02-09 19:00:00,640.61,Amazon,shopping
5,2026-02-09 22:00:00,160.94,Netflix,entertainment
5,2026-02-09 00:00:00,687.21,Swiggy,food
5,2026-02-09 15:00:00,454.57,Swiggy,food
5,2026-02-10 16:00:00,865.94,Netflix,entertainment
5,2026-02-10 11:00:00,313.17,Movie,entertainment
5,2026-02-10 22:00:00,562.91,Flipkart,shopping
5,2026-02-10 21:00:00,853.83,Amazon,shopping
5,2026-02-10 12:00:00,447.51,Auto,transport
5,2026-02-11 08:00:00,796.37,Cafe,food
5,2026-02-11 11:00:00,748.44,Swiggy,food
5,2026-02-11 13:00:00,389.24,Amazon,shopping
5,2026-02-11 15:00:00,359.65,Flipkart,shopping
5,2026-02-11 12:00:00,949.2,Netflix,entertainment
5,2026-02-12 10:00:00,453.89,Zomato,food
5,2026-02-12 10:00:00,908.33,Netflix,entertainment
5,2026-02-13 21:00:00,745.87,Netflix,entertainment
5,2026-02-13 18:00:00,249.47,Swiggy,food
5,2026-02-13 18:00:00,124.64,Flipkart,shopping
5,2026-02-13 22:00:00,502.86,Netflix,entertainment
5,2026-02-13 10:00:00,626.81,Amazon,shopping
5,2026-02-14 23:00:00,417.71,Flipkart,shopping
5,2026-02-14 19:00:00,715.17,Uber,transport
5,2026-02-14 14:00:00,60.01,Amazon,shopping
5,2026-02-14 21:00:00,283.99,Netflix,entertainment
5,2026-02-15 23:00:00,919.96,Amazon,shopping
5,2026-02-15 08:00:00,320.67,Uber,transport
5,2026-02-16 13:00:00,786.54,Amazon,shopping
5,2026-02-16 22:00:00,258.15,Uber,transport
5,2026-02-17 15:00:00,913.19,Uber,transport
5,2026-02-17 00:00:00,386.55,Cafe,food
5,2026-02-17 10:00:00,182.78,Flipkart,shopping
5,2026-02-17 15:00:00,764.77,Netflix,entertainment
5,2026-02-18 19:00:00,691.08,Netflix,entertainment
5,2026-02-18 16:00:00,811.16,Amazon,shopping
5,2026-02-19 13:00:00,841.03,Movie,entertainment
5,2026-02-20 22:00:00,627.3,Flipkart,shopping
5,2026-02-20 20:00:00,442.9,Auto,transport
5,2026-02-21 20:00:00,298.79,Netflix,entertainment
5,2026-02-21 17:00:00,817.01,Auto,transport
5,2026-02-21 14:00:00,999.57,Uber,transport
5,2026-02-21 20:00:00,850.05,Netflix,entertainment
5,2026-02-22 17:00:00,933.04,Zomato,food
5,2026-02-22 10:00:00,844.69,Swiggy,food
5,2026-02-23 21:00:00,408.77,Zomato,food
5,2026-02-24 22:00:00,349.14,Cafe,food
5,2026-02-24 12:00:00,611.49,Zomato,food
5,2026-02-24 15:00:00,468.43,Uber,transport
5,2026-02-24 00:00:00,822.28,Swiggy,food
5,2026-02-25 23:00:00,76.26,Flipkart,shopping
5,2026-02-25 18:00:00,996.68,Movie,entertainment
5,2026-02-25 19:00:00,222.78,Netflix,entertainment
5,2026-02-25 23:00:00,322.59,Auto,transport
5,2026-02-26 20:00:00,661.23,Flipkart,shopping
5,2026-02-26 23:00:00,601.65,Netflix,entertainment
5,2026-02-26 19:00:00,587.01,Uber,transport
5,2026-02-26 22:00:00,743.3,Cafe,food
5,2026-02-27 10:00:00,501.67,Uber,transport
5,2026-02-28 23:00:00,622.07,Movie,entertainment
5,2026-02-28 12:00:00,868.48,Flipkart,shopping
5,2026-02-28 13:00:00,845.29,Cafe,food
5,2026-03-01 09:00:00,725.59,Amazon,shopping
5,2026-03-02 13:00:00,75.53,Swiggy,food
5,2026-03-02 21:00:00,476.84,Auto,transport
5,2026-03-03 20:00:00,498.63,Cafe,food
5,2026-03-04 12:00:00,409.79,Cafe,food
5,2026-03-04 18:00:00,376.35,Auto,transport
5,2026-03-05 18:00:00,506.41,Cafe,food
5,2026-03-05 22:00:00,804.82,Movie,entertainment
5,2026-03-06 11:00:00,294.32,Netflix,entertainment
5,2026-03-06 22:00:00,202.97,Swiggy,food
5,2026-03-06 18:00:00,958.84,Cafe,food
5,2026-03-06 22:00:00,50.43,Swiggy,food
5,2026-03-06 20:00:00,578.79,Uber,transport
5,2026-03-07 19:00:00,878.37,Cafe,food
5,2026-03-07 14:00:00,453.03,Cafe,food
5,2026-03-07 22:00:00,223.8,Flipkart,shopping
5,2026-03-08 22:00:00,481.46,Swiggy,food
5,2026-03-09 14:00:00,499.87,Auto,transport
5,2026-03-10 15:00:00,688.88,Movie,entertainment
5,2026-03-10 10:00:00,357.38,Movie,entertainment
5,2026-03-11 21:00:00,62.39,Auto,transport
5,2026-03-11 19:00:00,167.32,Movie,entertainment
5,2026-03-12 10:00:00,896.2,Movie,entertainment
5,2026-03-13 14:00:00,698.68,Auto,transport
5,2026-03-13 23:00:00,275.83,Swiggy,food
5,2026-03-14 14:00:00,229.15,Movie,entertainment
5,2026-03-15 23:00:00,192.49,Movie,entertainment
5,2026-03-15 22:00:00,348.96,Netflix,entertainment
5,2026-03-15 21:00:00,211.4,Amazon,shopping
5,2026-03-16 09:00:00,659.58,Cafe,food
5,2026-03-16 23:00:00,715.32,Zomato,food
5,2026-03-16 10:00:00,421.17,Flipkart,shopping
5,2026-03-16 14:00:00,481.37,Netflix,entertainment
5,2026-03-16 19:00:00,700.88,Auto,transport
5,2026-03-17 09:00:00,767.67,Movie,entertainment
5,2026-03-17 00:00:00,929.31,Swiggy,food
5,2026-03-17 22:00:00,442.16,Movie,entertainment
5,2026-03-17 13:00:00,460.48,Movie,entertainment
5,2026-03-17 14:00:00,957.3,Zomato,food
5,2026-03-18 16:00:00,758.96,Movie,entertainment
5,2026-03-18 09:00:00,541.76,Zomato,food
5,2026-03-19 11:00:00,251.2,Movie,entertainment
5,2026-03-19 15:00:00,728.07,Flipkart,shopping
5,2026-03-19 16:00:00,167.28,Zomato,food
5,2026-03-20 17:00:00,57.29,Cafe,food
5,2026-03-20 00:00:00,531.15,Swiggy,food
5,2026-03-20 22:00:00,995.67,Netflix,entertainment
5,2026-03-20 19:00:00,243.78,Cafe,food
5,2026-03-21 16:00:00,258.11,Flipkart,shopping
5,2026-03-21 13:00:00,451.51,Movie,entertainment
5,2026-03-22 11:00:00,605.8,Amazon,shopping
5,2026-03-22 22:00:00,800.58,Auto,transport
5,2026-03-22 17:00:00,447.58,Auto,transport
5,2026-03-22 21:00:00,219.3,Movie,entertainment
5,2026-03-23 19:00:00,937.04,Zomato,food
5,2026-03-23 22:00:00,892.69,Cafe,food
5,2026-03-24 13:00:00,460.21,Zomato,food
5,2026-03-24 18:00:00,955.81,Cafe,food
5,2026-03-24 20:00:00,758.67,Uber,transport
5,2026-03-24 16:00:00,555.97,Uber,transport
5,2026-03-25 23:00:00,371.23,Uber,transport
5,2026-03-25 10:00:00,254.31,Cafe,food
5,2026-03-25 18:00:00,411.22,Movie,entertainment
5,2026-03-25 09:00:00,220.77,Uber,transport
5,2026-03-26 18:00:00,766.25,Cafe,food
5,2026-03-26 19:00:00,967.44,Netflix,entertainment
5,2026-03-26 19:00:00,870.63,Amazon,shopping
5,2026-03-26 00:00:00,278.84,Swiggy,food
5,2026-03-27 20:00:00,263.78,Flipkart,shopping
5,2026-03-27 16:00:00,825.12,Zomato,food
5,2026-03-27 23:00:00,808.61,Auto,transport
5,2026-03-28 23:00:00,911.72,Swiggy,food
5,2026-03-28 10:00:00,54.33,Amazon,shopping
5,2026-03-29 14:00:00,184.98,Zomato,food
5,2026-03-29 15:00:00,526.76,Cafe,food
5,2026-03-30 17:00:00,317.25,Uber,transport
5,2026-03-30 08:00:00,482.15,Netflix,entertainment
5,2026-03-30 13:00:00,390.0,Movie,entertainment
5,2026-03-31 10:00:00,852.07,Amazon,shopping
5,2026-03-31 19:00:00,868.29,Amazon,shopping
5,2026-03-31 12:00:00,282.25,Zomato,food
5,2026-03-31 14:00:00,888.25,Uber,transport
5,2026-03-31 22:00:00,191.23,Amazon,shopping
5,2026-04-01 15:00:00,831.2,Auto,transport
5,2026-04-01 23:00:00,62.14,Swiggy,food
5,2026-04-01 14:00:00,981.13,Netflix,entertainment
5,2026-04-01 10:00:00,118.59,Cafe,food
5,2026-04-01 16:00:00,258.46,Zomato,food
5,2026-04-02 08:00:00,541.92,Movie,entertainment
5,2026-04-02 19:00:00,310.82,Flipkart,shopping
5,2026-04-02 15:00:00,164.74,Movie,entertainment
5,2026-04-03 08:00:00,227.8,Amazon,shopping
5,2026-04-03 19:00:00,115.1,Swiggy,food
5,2026-04-03 15:00:00,121.08,Movie,entertainment
5,2026-04-03 22:00:00,867.75,Flipkart,shopping
5,2026-04-04 09:00:00,695.13,Amazon,shopping
5,2026-04-04 16:00:00,632.76,Flipkart,shopping
5,2026-04-04 16:00:00,701.29,Flipkart,shopping
5,2026-04-04 10:00:00,394.61,Amazon,shopping
5,2026-04-04 17:00:00,184.21,Zomato,food
5,2026-04-05 11:00:00,840.56,Netflix,entertainment
5,2026-04-05 21:00:00,771.72,Movie,entertainment
5,2026-04-05 09:00:00,517.59,Amazon,shopping
5,2026-04-05 12:00:00,321.53,Uber,transport
5,2026-04-05 15:00:00,427.57,Auto,transport
5,2026-04-06 14:00:00,103.07,Auto,transport
5,2026-04-06 18:00:00,901.76,Auto,transport
5,2026-04-06 10:00:00,141.94,Auto,transport
5,2026-04-06 00:00:00,119.99,Cafe,food
5,2026-04-07 13:00:00,67.77,Amazon,shopping
5,2026-04-07 13:00:00,336.64,Amazon,shopping
5,2026-04-07 21:00:00,598.21,Auto,transport
5,2026-04-07 23:00:00,233.67,Flipkart,shopping
5,2026-04-07 23:00:00,741.88,Zomato,food
5,2026-04-08 22:00:00,518.76,Auto,transport
5,2026-04-09 17:00:00,422.4,Auto,transport
5,2026-04-10 22:00:00,229.56,Amazon,shopping
5,2026-04-10 10:00:00,809.73,Netflix,entertainment
5,2026-04-10 20:00:00,711.17,Movie,entertainment
5,2026-04-11 10:00:00,646.45,Netflix,entertainment
5,2026-04-11 23:00:00,130.87,Auto,transport
5,2026-04-11 12:00:00,231.28,Swiggy,food
5,2026-04-11 19:00:00,998.12,Netflix,entertainment
5,2026-04-11 16:00:00,743.9,Amazon,shopping
5,2026-04-12 23:00:00,557.36,Flipkart,shopping
5,2026-04-12 00:00:00,727.97,Swiggy,food
5,2026-04-13 22:00:00,87.74,Amazon,shopping
5,2026-04-14 15:00:00,775.35,Amazon,shopping
5,2026-04-14 13:00:00,926.35,Uber,transport
5,2026-04-14 23:00:00,834.17,Flipkart,shopping
5,2026-04-14 18:00:00,116.0,Netflix,entertainment
5,2026-04-15 11:00:00,627.39,Flipkart,shopping
5,2026-04-15 20:00:00,72.51,Netflix,entertainment
5,2026-04-15 16:00:00,687.7,Uber,transport
5,2026-04-15 15:00:00,961.58,Uber,transport
5,2026-04-16 10:00:00,733.82,Auto,transport
5,2026-04-16 12:00:00,355.87,Movie,entertainment
5,2026-04-16 12:00:00,867.21,Uber,transport
5,2026-04-17 08:00:00,437.06,Netflix,entertainment
5,2026-04-17 00:00:00,123.28,Swiggy,food
5,2026-04-18 16:00:00,365.86,Auto,transport
5,2026-04-18 22:00:00,303.88,Cafe,food
5,2026-04-19 20:00:00,392.89,Movie,entertainment
5,2026-04-19 14:00:00,122.62,Cafe,food
5,2026-04-19 23:00:00,170.16,Flipkart,shopping
5,2026-04-19 14:00:00,136.12,Movie,entertainment
5,2026-04-20 12:00:00,352.68,Auto,transport
5,2026-04-21 11:00:00,750.49,Flipkart,shopping
5,2026-04-22 18:00:00,436.25,Amazon,shopping
5,2026-04-22 10:00:00,579.21,Movie,entertainment
5,2026-04-22 19:00:00,458.84,Swiggy,food
5,2026-04-23 09:00:00,841.29,Movie,entertainment
5,2026-04-23 10:00:00,898.74,Uber,transport
5,2026-04-24 11:00:00,105.12,Auto,transport
5,2026-04-24 12:00:00,912.22,Movie,entertainment
5,2026-04-24 18:00:00,443.74,Amazon,shopping
5,2026-04-24 10:00:00,311.32,Auto,transport
5,2026-04-24 10:00:00,286.52,Uber,transport
5,2026-04-25 19:00:00,712.92,Uber,transport
5,2026-04-25 17:00:00,715.04,Uber,transport
5,2026-04-25 17:00:00,103.74,Movie,entertainment
5,2026-04-26 13:00:00,563.99,Zomato,food
5,2026-04-26 19:00:00,787.99,Flipkart,shopping
5,2026-04-26 23:00:00,320.82,Swiggy,food
5,2026-04-26 14:00:00,391.7,Flipkart,shopping
5,2026-04-26 13:00:00,219.54,Flipkart,shopping
5,2026-04-27 23:00:00,536.13,Movie,entertainment
5,2026-04-27 21:00:00,901.32,Zomato,food
5,2026-04-27 19:00:00,435.82,Zomato,food
5,2026-04-27 18:00:00,121.08,Netflix,entertainment
5,2026-04-27 18:00:00,430.42,Movie,entertainment
5,2026-04-28 11:00:00,302.13,Movie,entertainment
5,2026-04-28 15:00:00,274.05,Amazon,shopping
5,2026-04-28 14:00:00,681.62,Flipkart,shopping
5,2026-04-28 14:00:00,731.38,Uber,transport
5,2026-04-29 11:00:00,981.71,Flipkart,shopping
5,2026-04-29 20:00:00,455.2,Netflix,entertainment
5,2026-04-29 14:00:00,627.43,Movie,entertainment
5,2026-04-30 12:00:00,660.23,Zomato,food
5,2026-04-30 10:00:00,206.45,Amazon,shopping
